[{"model": "admin.logentry", "pk": 1, "fields": {"action_time": "2026-04-23T10:52:51.348Z", "user": 1, "content_type": 6, "object_id": "1", "object_repr": "Shirts", "action_flag": 1, "change_message": "[{\"added\": {}}]"}}, {"model": "admin.logentry", "pk": 2, "fields": {"action_time": "2026-04-23T10:55:17.580Z", "user": 1, "content_type": 6, "object_id": "1", "object_repr": "Shirts", "action_flag": 2, "change_message": "[]"}}, {"model": "admin.logentry", "pk": 3, "fields": {"action_time": "2026-04-23T11:01:17.007Z", "user": 1, "content_type": 6, "object_id": "2", "object_repr": "T-Shirt", "action_flag": 1, "change_message": "[{\"added\": {}}]"}}, {"model": "admin.logentry", "pk": 4, "fields": {"action_time": "2026-04-23T11:01:49.605Z", "user": 1, "content_type": 6, "object_id": "3", "object_repr": "Shoes", "action_flag": 1, "change_message": "[{\"added\": {}}]"}}, {"model": "admin.logentry", "pk": 5, "fields": {"action_time": "2026-04-23T11:02:12.327Z", "user": 1, "content_type": 6, "object_id": "4", "object_repr": "Jackets", "action_flag": 1, "change_message": "[{\"added\": {}}]"}}, {"model": "admin.logentry", "pk": 6, "fields": {"action_time": "2026-04-23T11:02:29.794Z", "user": 1, "content_type": 6, "object_id": "5", "object_repr": "Jeans", "action_flag": 1, "change_message": "[{\"added\": {}}]"}}, {"model": "admin.logentry", "pk": 7, "fields": {"action_time": "2026-04-23T11:33:19.294Z", "user": 1, "content_type": 8, "object_id": "1", "object_repr": "ATX-Jeans", "action_flag": 1, "change_message": "[{\"added\": {}}]"}}, {"model": "admin.logentry", "pk": 8, "fields": {"action_time": "2026-04-23T11:34:14.054Z", "user": 1, "content_type": 8, "object_id": "2", "object_repr": "RXN Blue Shirt", "action_flag": 1, "change_message": "[{\"added\": {}}]"}}, {"model": "admin.logentry", "pk": 9, "fields": {"action_time": "2026-04-23T11:34:46.384Z", "user": 1, "content_type": 8, "object_id": "3", "object_repr": "Great Tshirt", "action_flag": 1, "change_message": "[{\"added\": {}}]"}}, {"model": "admin.logentry", "pk": 10, "fields": {"action_time": "2026-04-23T11:35:26.714Z", "user": 1, "content_type": 8, "object_id": "4", "object_repr": "Jordan Basketball Shoes", "action_flag": 1, "change_message": "[{\"added\": {}}]"}}, {"model": "admin.logentry", "pk": 11, "fields": {"action_time": "2026-04-23T11:36:02.622Z", "user": 1, "content_type": 8, "object_id": "5", "object_repr": "Mavi Jeans", "action_flag": 1, "change_message": "[{\"added\": {}}]"}}, {"model": "admin.logentry", "pk": 12, "fields": {"action_time": "2026-04-23T11:36:52.509Z", "user": 1, "content_type": 8, "object_id": "6", "object_repr": "Puma Ferrari Shoes", "action_flag": 1, "change_message": "[{\"added\": {}}]"}}, {"model": "admin.logentry", "pk": 13, "fields": {"action_time": "2026-04-23T11:37:35.319Z", "user": 1, "content_type": 8, "object_id": "7", "object_repr": "US Polo Assn Jacket", "action_flag": 1, "change_message": "[{\"added\": {}}]"}}, {"model": "admin.logentry", "pk": 14, "fields": {"action_time": "2026-04-23T11:38:15.805Z", "user": 1, "content_type": 8, "object_id": "8", "object_repr": "Wrangler Shirt", "action_flag": 1, "change_message": "[{\"added\": {}}]"}}, {"model": "admin.logentry", "pk": 15, "fields": {"action_time": "2026-04-28T13:47:38.301Z", "user": 1, "content_type": 8, "object_id": "3", "object_repr": "Great Tshirt", "action_flag": 2, "change_message": "[{\"changed\": {\"fields\": [\"Stock\"]}}]"}}, {"model": "admin.logentry", "pk": 16, "fields": {"action_time": "2026-05-11T03:31:24.224Z", "user": 1, "content_type": 11, "object_id": "1", "object_repr": "white", "action_flag": 1, "change_message": "[{\"added\": {}}]"}}, {"model": "admin.logentry", "pk": 17, "fields": {"action_time": "2026-05-11T03:31:37.239Z", "user": 1, "content_type": 11, "object_id": "2", "object_repr": "Blue", "action_flag": 1, "change_message": "[{\"added\": {}}]"}}, {"model": "admin.logentry", "pk": 18, "fields": {"action_time": "2026-05-11T03:31:45.905Z", "user": 1, "content_type": 11, "object_id": "3", "object_repr": "Black", "action_flag": 1, "change_message": "[{\"added\": {}}]"}}, {"model": "admin.logentry", "pk": 19, "fields": {"action_time": "2026-05-11T03:31:54.914Z", "user": 1, "content_type": 11, "object_id": "4", "object_repr": "medium", "action_flag": 1, "change_message": "[{\"added\": {}}]"}}, {"model": "admin.logentry", "pk": 20, "fields": {"action_time": "2026-05-11T03:32:04.202Z", "user": 1, "content_type": 11, "object_id": "5", "object_repr": "small", "action_flag": 1, "change_message": "[{\"added\": {}}]"}}, {"model": "admin.logentry", "pk": 21, "fields": {"action_time": "2026-05-11T03:32:11.769Z", "user": 1, "content_type": 11, "object_id": "6", "object_repr": "Large", "action_flag": 1, "change_message": "[{\"added\": {}}]"}}, {"model": "admin.logentry", "pk": 22, "fields": {"action_time": "2026-05-15T03:20:02.761Z", "user": 1, "content_type": 10, "object_id": "29", "object_repr": "ATX-Jeans", "action_flag": 3, "change_message": ""}}, {"model": "admin.logentry", "pk": 23, "fields": {"action_time": "2026-05-15T03:20:06.592Z", "user": 1, "content_type": 10, "object_id": "28", "object_repr": "ATX-Jeans", "action_flag": 3, "change_message": ""}}, {"model": "admin.logentry", "pk": 24, "fields": {"action_time": "2026-05-15T03:20:09.760Z", "user": 1, "content_type": 10, "object_id": "27", "object_repr": "ATX-Jeans", "action_flag": 3, "change_message": ""}}, {"model": "admin.logentry", "pk": 25, "fields": {"action_time": "2026-05-15T03:20:12.928Z", "user": 1, "content_type": 10, "object_id": "26", "object_repr": "ATX-Jeans", "action_flag": 3, "change_message": ""}}, {"model": "admin.logentry", "pk": 26, "fields": {"action_time": "2026-05-15T03:20:15.728Z", "user": 1, "content_type": 10, "object_id": "25", "object_repr": "ATX-Jeans", "action_flag": 3, "change_message": ""}}, {"model": "admin.logentry", "pk": 27, "fields": {"action_time": "2026-05-15T03:20:18.992Z", "user": 1, "content_type": 10, "object_id": "24", "object_repr": "ATX-Jeans", "action_flag": 3, "change_message": ""}}, {"model": "admin.logentry", "pk": 28, "fields": {"action_time": "2026-05-15T03:20:21.819Z", "user": 1, "content_type": 10, "object_id": "22", "object_repr": "ATX-Jeans", "action_flag": 3, "change_message": ""}}, {"model": "admin.logentry", "pk": 29, "fields": {"action_time": "2026-05-15T03:20:24.447Z", "user": 1, "content_type": 10, "object_id": "23", "object_repr": "ATX-Jeans", "action_flag": 3, "change_message": ""}}, {"model": "admin.logentry", "pk": 30, "fields": {"action_time": "2026-05-15T03:20:27.359Z", "user": 1, "content_type": 10, "object_id": "21", "object_repr": "ATX-Jeans", "action_flag": 3, "change_message": ""}}, {"model": "admin.logentry", "pk": 31, "fields": {"action_time": "2026-05-15T03:20:30.704Z", "user": 1, "content_type": 10, "object_id": "20", "object_repr": "ATX-Jeans", "action_flag": 3, "change_message": ""}}, {"model": "admin.logentry", "pk": 32, "fields": {"action_time": "2026-05-15T03:20:34.522Z", "user": 1, "content_type": 10, "object_id": "18", "object_repr": "ATX-Jeans", "action_flag": 3, "change_message": ""}}, {"model": "admin.logentry", "pk": 33, "fields": {"action_time": "2026-05-30T09:28:56.280Z", "user": 1, "content_type": 7, "object_id": "4", "object_repr": "vigneshdileep632@gmail.com", "action_flag": 3, "change_message": ""}}, {"model": "admin.logentry", "pk": 34, "fields": {"action_time": "2026-05-30T09:29:01.240Z", "user": 1, "content_type": 7, "object_id": "3", "object_repr": "vigneshdileep67@gmail.com", "action_flag": 3, "change_message": ""}}, {"model": "admin.logentry", "pk": 35, "fields": {"action_time": "2026-06-01T15:02:01.656Z", "user": 1, "content_type": 7, "object_id": "8", "object_repr": "vigneshdileep3@gmail.com", "action_flag": 3, "change_message": ""}}, {"model": "admin.logentry", "pk": 36, "fields": {"action_time": "2026-06-01T15:02:01.656Z", "user": 1, "content_type": 7, "object_id": "7", "object_repr": "vigneshdileep13@gmail.com", "action_flag": 3, "change_message": ""}}, {"model": "admin.logentry", "pk": 37, "fields": {"action_time": "2026-06-01T15:02:01.656Z", "user": 1, "content_type": 7, "object_id": "6", "object_repr": "vigneshdileep122@gmail.com", "action_flag": 3, "change_message": ""}}, {"model": "admin.logentry", "pk": 38, "fields": {"action_time": "2026-06-01T15:02:01.656Z", "user": 1, "content_type": 7, "object_id": "5", "object_repr": "vigneshdileep789@gmail.com", "action_flag": 3, "change_message": ""}}, {"model": "admin.logentry", "pk": 39, "fields": {"action_time": "2026-06-01T15:02:01.656Z", "user": 1, "content_type": 7, "object_id": "2", "object_repr": "vigneshdileep8@gmail.com", "action_flag": 3, "change_message": ""}}, {"model": "admin.logentry", "pk": 40, "fields": {"action_time": "2026-06-01T15:14:02.587Z", "user": 1, "content_type": 7, "object_id": "9", "object_repr": "vigneshdileep8@gmail.com", "action_flag": 3, "change_message": ""}}, {"model": "admin.logentry", "pk": 41, "fields": {"action_time": "2026-06-01T15:18:26.732Z", "user": 1, "content_type": 7, "object_id": "10", "object_repr": "vigneshdileep8@gmail.com", "action_flag": 3, "change_message": ""}}, {"model": "admin.logentry", "pk": 42, "fields": {"action_time": "2026-06-01T15:38:47.616Z", "user": 1, "content_type": 7, "object_id": "11", "object_repr": "vigneshdileep8@gmail.com", "action_flag": 3, "change_message": ""}}, {"model": "admin.logentry", "pk": 43, "fields": {"action_time": "2026-06-01T15:41:29.699Z", "user": 1, "content_type": 7, "object_id": "12", "object_repr": "vigneshdileep8@gmail.com", "action_flag": 3, "change_message": ""}}, {"model": "admin.logentry", "pk": 44, "fields": {"action_time": "2026-06-01T15:42:25.967Z", "user": 1, "content_type": 7, "object_id": "13", "object_repr": "vigneshdileep8@gmail.com", "action_flag": 3, "change_message": ""}}, {"model": "admin.logentry", "pk": 45, "fields": {"action_time": "2026-06-04T03:16:48.805Z", "user": 1, "content_type": 9, "object_id": "12", "object_repr": "5suwjl0mlavsuqrl7tjnsr23bdz6iavq", "action_flag": 3, "change_message": ""}}, {"model": "admin.logentry", "pk": 46, "fields": {"action_time": "2026-06-04T03:16:48.805Z", "user": 1, "content_type": 9, "object_id": "11", "object_repr": "mdzljsmg725wv3uajhg9v0916ozdn82q", "action_flag": 3, "change_message": ""}}, {"model": "admin.logentry", "pk": 47, "fields": {"action_time": "2026-06-04T03:16:48.805Z", "user": 1, "content_type": 9, "object_id": "10", "object_repr": "9wxmkpb8q133vpjxxxeywhzpk3wu8fbw", "action_flag": 3, "change_message": ""}}, {"model": "admin.logentry", "pk": 48, "fields": {"action_time": "2026-06-04T03:16:48.805Z", "user": 1, "content_type": 9, "object_id": "9", "object_repr": "v8wiicune9cpeoxghjei8o7zzu7eayx0", "action_flag": 3, "change_message": ""}}, {"model": "admin.logentry", "pk": 49, "fields": {"action_time": "2026-06-04T03:16:48.805Z", "user": 1, "content_type": 9, "object_id": "8", "object_repr": "cj4pz2z00le9xcc2k6mxdplc3xdskztc", "action_flag": 3, "change_message": ""}}, {"model": "admin.logentry", "pk": 50, "fields": {"action_time": "2026-06-04T03:16:48.805Z", "user": 1, "content_type": 9, "object_id": "7", "object_repr": "vyzvk7l5vzvmuwsrro0hxz212an9mv88", "action_flag": 3, "change_message": ""}}, {"model": "admin.logentry", "pk": 51, "fields": {"action_time": "2026-06-04T03:16:48.805Z", "user": 1, "content_type": 9, "object_id": "6", "object_repr": "jnod3xzxih5w1tbj080fjhnhd7728sh0", "action_flag": 3, "change_message": ""}}, {"model": "admin.logentry", "pk": 52, "fields": {"action_time": "2026-06-04T03:16:48.805Z", "user": 1, "content_type": 9, "object_id": "5", "object_repr": "gtxne64fdlvy4yivmsf10uncu3nguosk", "action_flag": 3, "change_message": ""}}, {"model": "admin.logentry", "pk": 53, "fields": {"action_time": "2026-06-04T03:16:48.805Z", "user": 1, "content_type": 9, "object_id": "4", "object_repr": "62dbuf4yfz9vgro7tyzfpug9mode41ti", "action_flag": 3, "change_message": ""}}, {"model": "admin.logentry", "pk": 54, "fields": {"action_time": "2026-06-04T03:16:48.805Z", "user": 1, "content_type": 9, "object_id": "3", "object_repr": "1swii7ns3g4q3xauap4r8sn7ryex74t9", "action_flag": 3, "change_message": ""}}, {"model": "admin.logentry", "pk": 55, "fields": {"action_time": "2026-06-04T03:16:48.805Z", "user": 1, "content_type": 9, "object_id": "2", "object_repr": "d9no4b4f7arvs91jc3f8ax6375hr46yf", "action_flag": 3, "change_message": ""}}, {"model": "admin.logentry", "pk": 56, "fields": {"action_time": "2026-06-04T03:16:48.805Z", "user": 1, "content_type": 9, "object_id": "1", "object_repr": "ysy7p9hn2n308fz4zknzmobofgboaog7", "action_flag": 3, "change_message": ""}}, {"model": "admin.logentry", "pk": 57, "fields": {"action_time": "2026-06-08T13:24:53.678Z", "user": 1, "content_type": 12, "object_id": "95", "object_repr": "Vignesh", "action_flag": 3, "change_message": ""}}, {"model": "admin.logentry", "pk": 58, "fields": {"action_time": "2026-06-08T13:24:53.678Z", "user": 1, "content_type": 12, "object_id": "94", "object_repr": "Vignesh", "action_flag": 3, "change_message": ""}}, {"model": "admin.logentry", "pk": 59, "fields": {"action_time": "2026-06-08T13:24:53.678Z", "user": 1, "content_type": 12, "object_id": "93", "object_repr": "Vignesh", "action_flag": 3, "change_message": ""}}, {"model": "admin.logentry", "pk": 60, "fields": {"action_time": "2026-06-08T13:24:53.678Z", "user": 1, "content_type": 12, "object_id": "92", "object_repr": "Vignesh", "action_flag": 3, "change_message": ""}}, {"model": "admin.logentry", "pk": 61, "fields": {"action_time": "2026-06-08T13:24:53.678Z", "user": 1, "content_type": 12, "object_id": "91", "object_repr": "Vignesh", "action_flag": 3, "change_message": ""}}, {"model": "admin.logentry", "pk": 62, "fields": {"action_time": "2026-06-08T13:24:53.678Z", "user": 1, "content_type": 12, "object_id": "90", "object_repr": "Vignesh", "action_flag": 3, "change_message": ""}}, {"model": "admin.logentry", "pk": 63, "fields": {"action_time": "2026-06-08T13:24:53.678Z", "user": 1, "content_type": 12, "object_id": "89", "object_repr": "Vignesh", "action_flag": 3, "change_message": ""}}, {"model": "admin.logentry", "pk": 64, "fields": {"action_time": "2026-06-08T13:24:53.678Z", "user": 1, "content_type": 12, "object_id": "88", "object_repr": "Vignesh", "action_flag": 3, "change_message": ""}}, {"model": "admin.logentry", "pk": 65, "fields": {"action_time": "2026-06-08T13:24:53.678Z", "user": 1, "content_type": 12, "object_id": "87", "object_repr": "Vignesh", "action_flag": 3, "change_message": ""}}, {"model": "admin.logentry", "pk": 66, "fields": {"action_time": "2026-06-08T13:24:53.678Z", "user": 1, "content_type": 12, "object_id": "86", "object_repr": "Vignesh", "action_flag": 3, "change_message": ""}}, {"model": "admin.logentry", "pk": 67, "fields": {"action_time": "2026-06-08T13:24:53.678Z", "user": 1, "content_type": 12, "object_id": "85", "object_repr": "Vignesh", "action_flag": 3, "change_message": ""}}, {"model": "admin.logentry", "pk": 68, "fields": {"action_time": "2026-06-08T13:24:53.678Z", "user": 1, "content_type": 12, "object_id": "84", "object_repr": "Vignesh", "action_flag": 3, "change_message": ""}}, {"model": "admin.logentry", "pk": 69, "fields": {"action_time": "2026-06-08T13:24:53.678Z", "user": 1, "content_type": 12, "object_id": "83", "object_repr": "Vignesh", "action_flag": 3, "change_message": ""}}, {"model": "admin.logentry", "pk": 70, "fields": {"action_time": "2026-06-08T13:24:53.678Z", "user": 1, "content_type": 12, "object_id": "82", "object_repr": "Vignesh", "action_flag": 3, "change_message": ""}}, {"model": "admin.logentry", "pk": 71, "fields": {"action_time": "2026-06-08T13:24:53.678Z", "user": 1, "content_type": 12, "object_id": "81", "object_repr": "Vignesh", "action_flag": 3, "change_message": ""}}, {"model": "admin.logentry", "pk": 72, "fields": {"action_time": "2026-06-08T13:24:53.678Z", "user": 1, "content_type": 12, "object_id": "80", "object_repr": "Vignesh", "action_flag": 3, "change_message": ""}}, {"model": "admin.logentry", "pk": 73, "fields": {"action_time": "2026-06-08T13:24:53.678Z", "user": 1, "content_type": 12, "object_id": "79", "object_repr": "Vignesh", "action_flag": 3, "change_message": ""}}, {"model": "admin.logentry", "pk": 74, "fields": {"action_time": "2026-06-08T13:24:53.678Z", "user": 1, "content_type": 12, "object_id": "78", "object_repr": "Vignesh", "action_flag": 3, "change_message": ""}}, {"model": "admin.logentry", "pk": 75, "fields": {"action_time": "2026-06-08T13:24:53.678Z", "user": 1, "content_type": 12, "object_id": "77", "object_repr": "Vignesh", "action_flag": 3, "change_message": ""}}, {"model": "admin.logentry", "pk": 76, "fields": {"action_time": "2026-06-08T13:24:53.678Z", "user": 1, "content_type": 12, "object_id": "76", "object_repr": "Vignesh", "action_flag": 3, "change_message": ""}}, {"model": "admin.logentry", "pk": 77, "fields": {"action_time": "2026-06-08T13:24:53.678Z", "user": 1, "content_type": 12, "object_id": "75", "object_repr": "Vignesh", "action_flag": 3, "change_message": ""}}, {"model": "admin.logentry", "pk": 78, "fields": {"action_time": "2026-06-08T13:24:53.678Z", "user": 1, "content_type": 12, "object_id": "74", "object_repr": "Vignesh", "action_flag": 3, "change_message": ""}}, {"model": "admin.logentry", "pk": 79, "fields": {"action_time": "2026-06-08T13:24:53.678Z", "user": 1, "content_type": 12, "object_id": "73", "object_repr": "Vignesh", "action_flag": 3, "change_message": ""}}, {"model": "admin.logentry", "pk": 80, "fields": {"action_time": "2026-06-08T13:24:53.678Z", "user": 1, "content_type": 12, "object_id": "72", "object_repr": "Vignesh", "action_flag": 3, "change_message": ""}}, {"model": "admin.logentry", "pk": 81, "fields": {"action_time": "2026-06-08T13:24:53.678Z", "user": 1, "content_type": 12, "object_id": "71", "object_repr": "Vignesh", "action_flag": 3, "change_message": ""}}, {"model": "admin.logentry", "pk": 82, "fields": {"action_time": "2026-06-08T13:24:53.678Z", "user": 1, "content_type": 12, "object_id": "70", "object_repr": "Vignesh", "action_flag": 3, "change_message": ""}}, {"model": "admin.logentry", "pk": 83, "fields": {"action_time": "2026-06-08T13:24:53.678Z", "user": 1, "content_type": 12, "object_id": "69", "object_repr": "Vignesh", "action_flag": 3, "change_message": ""}}, {"model": "admin.logentry", "pk": 84, "fields": {"action_time": "2026-06-08T13:24:53.678Z", "user": 1, "content_type": 12, "object_id": "68", "object_repr": "Vignesh", "action_flag": 3, "change_message": ""}}, {"model": "admin.logentry", "pk": 85, "fields": {"action_time": "2026-06-08T13:24:53.678Z", "user": 1, "content_type": 12, "object_id": "67", "object_repr": "Vignesh", "action_flag": 3, "change_message": ""}}, {"model": "admin.logentry", "pk": 86, "fields": {"action_time": "2026-06-08T13:24:53.678Z", "user": 1, "content_type": 12, "object_id": "66", "object_repr": "Vignesh", "action_flag": 3, "change_message": ""}}, {"model": "admin.logentry", "pk": 87, "fields": {"action_time": "2026-06-08T13:24:53.678Z", "user": 1, "content_type": 12, "object_id": "65", "object_repr": "Vignesh", "action_flag": 3, "change_message": ""}}, {"model": "admin.logentry", "pk": 88, "fields": {"action_time": "2026-06-08T13:24:53.678Z", "user": 1, "content_type": 12, "object_id": "64", "object_repr": "Vignesh", "action_flag": 3, "change_message": ""}}, {"model": "admin.logentry", "pk": 89, "fields": {"action_time": "2026-06-08T13:24:53.678Z", "user": 1, "content_type": 12, "object_id": "63", "object_repr": "Vignesh", "action_flag": 3, "change_message": ""}}, {"model": "admin.logentry", "pk": 90, "fields": {"action_time": "2026-06-08T13:24:53.678Z", "user": 1, "content_type": 12, "object_id": "62", "object_repr": "Vignesh", "action_flag": 3, "change_message": ""}}, {"model": "admin.logentry", "pk": 91, "fields": {"action_time": "2026-06-08T13:24:53.678Z", "user": 1, "content_type": 12, "object_id": "61", "object_repr": "Vignesh", "action_flag": 3, "change_message": ""}}, {"model": "admin.logentry", "pk": 92, "fields": {"action_time": "2026-06-08T13:24:53.678Z", "user": 1, "content_type": 12, "object_id": "60", "object_repr": "Vignesh", "action_flag": 3, "change_message": ""}}, {"model": "admin.logentry", "pk": 93, "fields": {"action_time": "2026-06-08T13:24:53.678Z", "user": 1, "content_type": 12, "object_id": "59", "object_repr": "Vignesh", "action_flag": 3, "change_message": ""}}, {"model": "admin.logentry", "pk": 94, "fields": {"action_time": "2026-06-08T13:24:53.678Z", "user": 1, "content_type": 12, "object_id": "58", "object_repr": "Vignesh", "action_flag": 3, "change_message": ""}}, {"model": "admin.logentry", "pk": 95, "fields": {"action_time": "2026-06-08T13:24:53.678Z", "user": 1, "content_type": 12, "object_id": "57", "object_repr": "Vignesh", "action_flag": 3, "change_message": ""}}, {"model": "admin.logentry", "pk": 96, "fields": {"action_time": "2026-06-08T13:24:53.678Z", "user": 1, "content_type": 12, "object_id": "56", "object_repr": "Vignesh", "action_flag": 3, "change_message": ""}}, {"model": "admin.logentry", "pk": 97, "fields": {"action_time": "2026-06-08T13:24:53.678Z", "user": 1, "content_type": 12, "object_id": "55", "object_repr": "Vignesh", "action_flag": 3, "change_message": ""}}, {"model": "admin.logentry", "pk": 98, "fields": {"action_time": "2026-06-08T13:24:53.678Z", "user": 1, "content_type": 12, "object_id": "54", "object_repr": "Vignesh", "action_flag": 3, "change_message": ""}}, {"model": "admin.logentry", "pk": 99, "fields": {"action_time": "2026-06-08T13:24:53.678Z", "user": 1, "content_type": 12, "object_id": "53", "object_repr": "Vignesh", "action_flag": 3, "change_message": ""}}, {"model": "admin.logentry", "pk": 100, "fields": {"action_time": "2026-06-08T13:24:53.678Z", "user": 1, "content_type": 12, "object_id": "52", "object_repr": "Vignesh", "action_flag": 3, "change_message": ""}}, {"model": "admin.logentry", "pk": 101, "fields": {"action_time": "2026-06-08T13:24:53.678Z", "user": 1, "content_type": 12, "object_id": "51", "object_repr": "Vignesh", "action_flag": 3, "change_message": ""}}, {"model": "admin.logentry", "pk": 102, "fields": {"action_time": "2026-06-08T13:24:53.678Z", "user": 1, "content_type": 12, "object_id": "50", "object_repr": "Vignesh", "action_flag": 3, "change_message": ""}}, {"model": "admin.logentry", "pk": 103, "fields": {"action_time": "2026-06-08T13:24:53.678Z", "user": 1, "content_type": 12, "object_id": "49", "object_repr": "Vignesh", "action_flag": 3, "change_message": ""}}, {"model": "admin.logentry", "pk": 104, "fields": {"action_time": "2026-06-08T13:24:53.678Z", "user": 1, "content_type": 12, "object_id": "48", "object_repr": "Vignesh", "action_flag": 3, "change_message": ""}}, {"model": "admin.logentry", "pk": 105, "fields": {"action_time": "2026-06-08T13:24:53.678Z", "user": 1, "content_type": 12, "object_id": "47", "object_repr": "Vignesh", "action_flag": 3, "change_message": ""}}, {"model": "admin.logentry", "pk": 106, "fields": {"action_time": "2026-06-08T13:24:53.678Z", "user": 1, "content_type": 12, "object_id": "46", "object_repr": "Vignesh", "action_flag": 3, "change_message": ""}}, {"model": "admin.logentry", "pk": 107, "fields": {"action_time": "2026-06-08T13:24:53.678Z", "user": 1, "content_type": 12, "object_id": "45", "object_repr": "Vignesh", "action_flag": 3, "change_message": ""}}, {"model": "admin.logentry", "pk": 108, "fields": {"action_time": "2026-06-08T13:24:53.678Z", "user": 1, "content_type": 12, "object_id": "44", "object_repr": "Vignesh", "action_flag": 3, "change_message": ""}}, {"model": "admin.logentry", "pk": 109, "fields": {"action_time": "2026-06-08T13:24:53.678Z", "user": 1, "content_type": 12, "object_id": "43", "object_repr": "Vignesh", "action_flag": 3, "change_message": ""}}, {"model": "admin.logentry", "pk": 110, "fields": {"action_time": "2026-06-08T13:24:53.678Z", "user": 1, "content_type": 12, "object_id": "42", "object_repr": "Vignesh", "action_flag": 3, "change_message": ""}}, {"model": "admin.logentry", "pk": 111, "fields": {"action_time": "2026-06-08T13:24:53.678Z", "user": 1, "content_type": 12, "object_id": "41", "object_repr": "Vignesh", "action_flag": 3, "change_message": ""}}, {"model": "admin.logentry", "pk": 112, "fields": {"action_time": "2026-06-08T13:24:53.678Z", "user": 1, "content_type": 12, "object_id": "40", "object_repr": "Vignesh", "action_flag": 3, "change_message": ""}}, {"model": "admin.logentry", "pk": 113, "fields": {"action_time": "2026-06-08T13:24:53.678Z", "user": 1, "content_type": 12, "object_id": "39", "object_repr": "Vignesh", "action_flag": 3, "change_message": ""}}, {"model": "admin.logentry", "pk": 114, "fields": {"action_time": "2026-06-08T13:24:53.678Z", "user": 1, "content_type": 12, "object_id": "38", "object_repr": "Vignesh", "action_flag": 3, "change_message": ""}}, {"model": "admin.logentry", "pk": 115, "fields": {"action_time": "2026-06-08T13:24:53.678Z", "user": 1, "content_type": 12, "object_id": "37", "object_repr": "Vignesh", "action_flag": 3, "change_message": ""}}, {"model": "admin.logentry", "pk": 116, "fields": {"action_time": "2026-06-08T13:24:53.678Z", "user": 1, "content_type": 12, "object_id": "36", "object_repr": "Vignesh", "action_flag": 3, "change_message": ""}}, {"model": "admin.logentry", "pk": 117, "fields": {"action_time": "2026-06-08T13:24:53.678Z", "user": 1, "content_type": 12, "object_id": "35", "object_repr": "Vignesh", "action_flag": 3, "change_message": ""}}, {"model": "admin.logentry", "pk": 118, "fields": {"action_time": "2026-06-08T13:24:53.678Z", "user": 1, "content_type": 12, "object_id": "34", "object_repr": "Vignesh", "action_flag": 3, "change_message": ""}}, {"model": "admin.logentry", "pk": 119, "fields": {"action_time": "2026-06-08T13:24:53.678Z", "user": 1, "content_type": 12, "object_id": "33", "object_repr": "Vignesh", "action_flag": 3, "change_message": ""}}, {"model": "admin.logentry", "pk": 120, "fields": {"action_time": "2026-06-08T13:24:53.678Z", "user": 1, "content_type": 12, "object_id": "32", "object_repr": "Vignesh", "action_flag": 3, "change_message": ""}}, {"model": "admin.logentry", "pk": 121, "fields": {"action_time": "2026-06-08T13:24:53.678Z", "user": 1, "content_type": 12, "object_id": "31", "object_repr": "Vignesh", "action_flag": 3, "change_message": ""}}, {"model": "admin.logentry", "pk": 122, "fields": {"action_time": "2026-06-08T13:24:53.678Z", "user": 1, "content_type": 12, "object_id": "30", "object_repr": "Vignesh", "action_flag": 3, "change_message": ""}}, {"model": "admin.logentry", "pk": 123, "fields": {"action_time": "2026-06-08T13:24:53.678Z", "user": 1, "content_type": 12, "object_id": "29", "object_repr": "Vignesh", "action_flag": 3, "change_message": ""}}, {"model": "admin.logentry", "pk": 124, "fields": {"action_time": "2026-06-08T13:24:53.678Z", "user": 1, "content_type": 12, "object_id": "28", "object_repr": "Vignesh", "action_flag": 3, "change_message": ""}}, {"model": "admin.logentry", "pk": 125, "fields": {"action_time": "2026-06-08T13:24:53.678Z", "user": 1, "content_type": 12, "object_id": "27", "object_repr": "Vignesh", "action_flag": 3, "change_message": ""}}, {"model": "admin.logentry", "pk": 126, "fields": {"action_time": "2026-06-08T13:24:53.678Z", "user": 1, "content_type": 12, "object_id": "26", "object_repr": "Vignesh", "action_flag": 3, "change_message": ""}}, {"model": "admin.logentry", "pk": 127, "fields": {"action_time": "2026-06-08T13:24:53.678Z", "user": 1, "content_type": 12, "object_id": "25", "object_repr": "Vignesh", "action_flag": 3, "change_message": ""}}, {"model": "admin.logentry", "pk": 128, "fields": {"action_time": "2026-06-08T13:24:53.678Z", "user": 1, "content_type": 12, "object_id": "24", "object_repr": "Vignesh", "action_flag": 3, "change_message": ""}}, {"model": "admin.logentry", "pk": 129, "fields": {"action_time": "2026-06-08T13:24:53.678Z", "user": 1, "content_type": 12, "object_id": "23", "object_repr": "Vignesh", "action_flag": 3, "change_message": ""}}, {"model": "admin.logentry", "pk": 130, "fields": {"action_time": "2026-06-08T13:24:53.678Z", "user": 1, "content_type": 12, "object_id": "22", "object_repr": "Vignesh", "action_flag": 3, "change_message": ""}}, {"model": "admin.logentry", "pk": 131, "fields": {"action_time": "2026-06-08T13:24:53.678Z", "user": 1, "content_type": 12, "object_id": "21", "object_repr": "Vignesh", "action_flag": 3, "change_message": ""}}, {"model": "admin.logentry", "pk": 132, "fields": {"action_time": "2026-06-08T13:24:53.678Z", "user": 1, "content_type": 12, "object_id": "20", "object_repr": "Vignesh", "action_flag": 3, "change_message": ""}}, {"model": "admin.logentry", "pk": 133, "fields": {"action_time": "2026-06-08T13:24:53.684Z", "user": 1, "content_type": 12, "object_id": "19", "object_repr": "Vignesh", "action_flag": 3, "change_message": ""}}, {"model": "admin.logentry", "pk": 134, "fields": {"action_time": "2026-06-08T13:24:53.684Z", "user": 1, "content_type": 12, "object_id": "18", "object_repr": "Vignesh", "action_flag": 3, "change_message": ""}}, {"model": "admin.logentry", "pk": 135, "fields": {"action_time": "2026-06-08T13:24:53.684Z", "user": 1, "content_type": 12, "object_id": "17", "object_repr": "Vignesh", "action_flag": 3, "change_message": ""}}, {"model": "admin.logentry", "pk": 136, "fields": {"action_time": "2026-06-08T13:24:53.684Z", "user": 1, "content_type": 12, "object_id": "16", "object_repr": "Vignesh", "action_flag": 3, "change_message": ""}}, {"model": "admin.logentry", "pk": 137, "fields": {"action_time": "2026-06-08T13:24:53.684Z", "user": 1, "content_type": 12, "object_id": "15", "object_repr": "Vignesh", "action_flag": 3, "change_message": ""}}, {"model": "admin.logentry", "pk": 138, "fields": {"action_time": "2026-06-08T13:24:53.684Z", "user": 1, "content_type": 12, "object_id": "14", "object_repr": "Vignesh", "action_flag": 3, "change_message": ""}}, {"model": "admin.logentry", "pk": 139, "fields": {"action_time": "2026-06-08T13:24:53.684Z", "user": 1, "content_type": 12, "object_id": "13", "object_repr": "Vignesh", "action_flag": 3, "change_message": ""}}, {"model": "admin.logentry", "pk": 140, "fields": {"action_time": "2026-06-08T13:24:53.684Z", "user": 1, "content_type": 12, "object_id": "12", "object_repr": "Vignesh", "action_flag": 3, "change_message": ""}}, {"model": "admin.logentry", "pk": 141, "fields": {"action_time": "2026-06-08T13:24:53.684Z", "user": 1, "content_type": 12, "object_id": "11", "object_repr": "Vignesh", "action_flag": 3, "change_message": ""}}, {"model": "admin.logentry", "pk": 142, "fields": {"action_time": "2026-06-08T13:24:53.684Z", "user": 1, "content_type": 12, "object_id": "10", "object_repr": "Vignesh", "action_flag": 3, "change_message": ""}}, {"model": "admin.logentry", "pk": 143, "fields": {"action_time": "2026-06-08T13:24:53.684Z", "user": 1, "content_type": 12, "object_id": "9", "object_repr": "Vignesh", "action_flag": 3, "change_message": ""}}, {"model": "admin.logentry", "pk": 144, "fields": {"action_time": "2026-06-08T13:24:53.684Z", "user": 1, "content_type": 12, "object_id": "8", "object_repr": "Vignesh", "action_flag": 3, "change_message": ""}}, {"model": "admin.logentry", "pk": 145, "fields": {"action_time": "2026-06-08T13:24:53.684Z", "user": 1, "content_type": 12, "object_id": "7", "object_repr": "Vignesh", "action_flag": 3, "change_message": ""}}, {"model": "admin.logentry", "pk": 146, "fields": {"action_time": "2026-06-08T13:24:53.684Z", "user": 1, "content_type": 12, "object_id": "6", "object_repr": "Vignesh", "action_flag": 3, "change_message": ""}}, {"model": "admin.logentry", "pk": 147, "fields": {"action_time": "2026-06-08T13:24:53.684Z", "user": 1, "content_type": 12, "object_id": "5", "object_repr": "Vignesh", "action_flag": 3, "change_message": ""}}, {"model": "admin.logentry", "pk": 148, "fields": {"action_time": "2026-06-08T13:24:53.684Z", "user": 1, "content_type": 12, "object_id": "4", "object_repr": "Vignesh", "action_flag": 3, "change_message": ""}}, {"model": "admin.logentry", "pk": 149, "fields": {"action_time": "2026-06-08T13:24:53.684Z", "user": 1, "content_type": 12, "object_id": "3", "object_repr": "Vignesh", "action_flag": 3, "change_message": ""}}, {"model": "admin.logentry", "pk": 150, "fields": {"action_time": "2026-06-08T13:24:53.684Z", "user": 1, "content_type": 12, "object_id": "2", "object_repr": "Vignesh", "action_flag": 3, "change_message": ""}}, {"model": "admin.logentry", "pk": 151, "fields": {"action_time": "2026-06-08T13:24:53.684Z", "user": 1, "content_type": 12, "object_id": "1", "object_repr": "Vignesh", "action_flag": 3, "change_message": ""}}, {"model": "admin.logentry", "pk": 152, "fields": {"action_time": "2026-06-08T13:25:07.124Z", "user": 1, "content_type": 14, "object_id": "4", "object_repr": "1RN24819YG0652903", "action_flag": 3, "change_message": ""}}, {"model": "admin.logentry", "pk": 153, "fields": {"action_time": "2026-06-08T13:25:07.124Z", "user": 1, "content_type": 14, "object_id": "3", "object_repr": "36S05284KU379152E", "action_flag": 3, "change_message": ""}}, {"model": "admin.logentry", "pk": 154, "fields": {"action_time": "2026-06-08T13:25:07.124Z", "user": 1, "content_type": 14, "object_id": "2", "object_repr": "38135676T4976650R", "action_flag": 3, "change_message": ""}}, {"model": "admin.logentry", "pk": 155, "fields": {"action_time": "2026-06-08T13:25:07.124Z", "user": 1, "content_type": 14, "object_id": "1", "object_repr": "28205186CB1962536", "action_flag": 3, "change_message": ""}}, {"model": "admin.logentry", "pk": 156, "fields": {"action_time": "2026-06-08T21:07:06.900Z", "user": 1, "content_type": 12, "object_id": "99", "object_repr": "Vignesh", "action_flag": 3, "change_message": ""}}, {"model": "admin.logentry", "pk": 157, "fields": {"action_time": "2026-06-08T21:07:06.900Z", "user": 1, "content_type": 12, "object_id": "98", "object_repr": "Vignesh", "action_flag": 3, "change_message": ""}}, {"model": "admin.logentry", "pk": 158, "fields": {"action_time": "2026-06-08T21:07:06.900Z", "user": 1, "content_type": 12, "object_id": "97", "object_repr": "Vignesh", "action_flag": 3, "change_message": ""}}, {"model": "admin.logentry", "pk": 159, "fields": {"action_time": "2026-06-08T21:07:06.900Z", "user": 1, "content_type": 12, "object_id": "96", "object_repr": "Vignesh", "action_flag": 3, "change_message": ""}}, {"model": "admin.logentry", "pk": 160, "fields": {"action_time": "2026-06-08T21:07:15.775Z", "user": 1, "content_type": 14, "object_id": "7", "object_repr": "1R238384VW115432H", "action_flag": 3, "change_message": ""}}, {"model": "admin.logentry", "pk": 161, "fields": {"action_time": "2026-06-08T21:07:15.775Z", "user": 1, "content_type": 14, "object_id": "6", "object_repr": "17D18655UJ6122637", "action_flag": 3, "change_message": ""}}, {"model": "admin.logentry", "pk": 162, "fields": {"action_time": "2026-06-08T21:07:15.775Z", "user": 1, "content_type": 14, "object_id": "5", "object_repr": "0TW82863CN310660T", "action_flag": 3, "change_message": ""}}, {"model": "admin.logentry", "pk": 163, "fields": {"action_time": "2026-06-11T08:54:01.306Z", "user": 1, "content_type": 16, "object_id": "1", "object_repr": "juhuh", "action_flag": 3, "change_message": ""}}, {"model": "admin.logentry", "pk": 164, "fields": {"action_time": "2026-06-11T09:25:46.422Z", "user": 1, "content_type": 16, "object_id": "2", "object_repr": "jjjjjjjjjjjjj", "action_flag": 2, "change_message": "[{\"changed\": {\"fields\": [\"Rating\"]}}]"}}, {"model": "admin.logentry", "pk": 165, "fields": {"action_time": "2026-06-13T00:14:17.300Z", "user": 1, "content_type": 16, "object_id": "3", "object_repr": "tttttttttt", "action_flag": 2, "change_message": "[{\"changed\": {\"fields\": [\"Rating\"]}}]"}}, {"model": "admin.logentry", "pk": 166, "fields": {"action_time": "2026-06-17T06:51:49.699Z", "user": 1, "content_type": 7, "object_id": "1", "object_repr": "vigneshdileep123@gmail.com", "action_flag": 2, "change_message": "[{\"changed\": {\"fields\": [\"Phone number\"]}}]"}}, {"model": "admin.logentry", "pk": 167, "fields": {"action_time": "2026-06-17T13:42:07.492Z", "user": 1, "content_type": 12, "object_id": "117", "object_repr": "Vignesh", "action_flag": 3, "change_message": ""}}, {"model": "admin.logentry", "pk": 168, "fields": {"action_time": "2026-06-17T13:42:07.492Z", "user": 1, "content_type": 12, "object_id": "114", "object_repr": "Vignesh", "action_flag": 3, "change_message": ""}}, {"model": "admin.logentry", "pk": 169, "fields": {"action_time": "2026-06-17T13:42:07.492Z", "user": 1, "content_type": 12, "object_id": "113", "object_repr": "Vignesh", "action_flag": 3, "change_message": ""}}, {"model": "admin.logentry", "pk": 170, "fields": {"action_time": "2026-06-17T13:42:07.492Z", "user": 1, "content_type": 12, "object_id": "112", "object_repr": "Vignesh", "action_flag": 3, "change_message": ""}}, {"model": "admin.logentry", "pk": 171, "fields": {"action_time": "2026-06-17T13:42:07.492Z", "user": 1, "content_type": 12, "object_id": "111", "object_repr": "Vignesh", "action_flag": 3, "change_message": ""}}, {"model": "admin.logentry", "pk": 172, "fields": {"action_time": "2026-06-17T13:42:07.492Z", "user": 1, "content_type": 12, "object_id": "110", "object_repr": "Vignesh", "action_flag": 3, "change_message": ""}}, {"model": "admin.logentry", "pk": 173, "fields": {"action_time": "2026-06-17T13:42:07.492Z", "user": 1, "content_type": 12, "object_id": "109", "object_repr": "Vignesh", "action_flag": 3, "change_message": ""}}, {"model": "admin.logentry", "pk": 174, "fields": {"action_time": "2026-06-17T13:42:07.492Z", "user": 1, "content_type": 12, "object_id": "108", "object_repr": "Vignesh", "action_flag": 3, "change_message": ""}}, {"model": "admin.logentry", "pk": 175, "fields": {"action_time": "2026-06-17T13:42:07.492Z", "user": 1, "content_type": 12, "object_id": "107", "object_repr": "Vignesh", "action_flag": 3, "change_message": ""}}, {"model": "admin.logentry", "pk": 176, "fields": {"action_time": "2026-06-17T13:42:07.492Z", "user": 1, "content_type": 12, "object_id": "106", "object_repr": "Vignesh", "action_flag": 3, "change_message": ""}}, {"model": "admin.logentry", "pk": 177, "fields": {"action_time": "2026-06-17T13:42:07.492Z", "user": 1, "content_type": 12, "object_id": "105", "object_repr": "Vignesh", "action_flag": 3, "change_message": ""}}, {"model": "admin.logentry", "pk": 178, "fields": {"action_time": "2026-06-17T13:42:07.492Z", "user": 1, "content_type": 12, "object_id": "104", "object_repr": "Vignesh", "action_flag": 3, "change_message": ""}}, {"model": "admin.logentry", "pk": 179, "fields": {"action_time": "2026-06-17T13:42:07.492Z", "user": 1, "content_type": 12, "object_id": "103", "object_repr": "Vignesh", "action_flag": 3, "change_message": ""}}, {"model": "admin.logentry", "pk": 180, "fields": {"action_time": "2026-06-17T13:42:07.492Z", "user": 1, "content_type": 12, "object_id": "102", "object_repr": "Vignesh", "action_flag": 3, "change_message": ""}}, {"model": "admin.logentry", "pk": 181, "fields": {"action_time": "2026-06-17T13:42:07.492Z", "user": 1, "content_type": 12, "object_id": "101", "object_repr": "Vignesh", "action_flag": 3, "change_message": ""}}, {"model": "admin.logentry", "pk": 182, "fields": {"action_time": "2026-06-17T13:42:07.492Z", "user": 1, "content_type": 12, "object_id": "100", "object_repr": "Vignesh", "action_flag": 3, "change_message": ""}}, {"model": "admin.logentry", "pk": 183, "fields": {"action_time": "2026-06-18T15:16:04.673Z", "user": 1, "content_type": 17, "object_id": "1", "object_repr": "Vignesh", "action_flag": 1, "change_message": "[{\"added\": {}}]"}}, {"model": "admin.logentry", "pk": 184, "fields": {"action_time": "2026-06-23T01:27:56.294Z", "user": 1, "content_type": 18, "object_id": "1", "object_repr": "ATX-Jeans", "action_flag": 1, "change_message": "[{\"added\": {}}]"}}, {"model": "admin.logentry", "pk": 185, "fields": {"action_time": "2026-06-23T01:28:44.606Z", "user": 1, "content_type": 8, "object_id": "1", "object_repr": "ATX-Jeans", "action_flag": 2, "change_message": "[{\"added\": {\"name\": \"Product Gallery\", \"object\": \"ATX-Jeans\"}}]"}}, {"model": "admin.logentry", "pk": 186, "fields": {"action_time": "2026-06-24T04:10:06.824Z", "user": 1, "content_type": 11, "object_id": "7", "object_repr": "Blue", "action_flag": 1, "change_message": "[{\"added\": {}}]"}}, {"model": "admin.logentry", "pk": 187, "fields": {"action_time": "2026-06-24T04:10:15.606Z", "user": 1, "content_type": 11, "object_id": "8", "object_repr": "medium", "action_flag": 1, "change_message": "[{\"added\": {}}]"}}, {"model": "admin.logentry", "pk": 188, "fields": {"action_time": "2026-06-24T04:10:23.421Z", "user": 1, "content_type": 11, "object_id": "9", "object_repr": "small", "action_flag": 1, "change_message": "[{\"added\": {}}]"}}, {"model": "admin.logentry", "pk": 189, "fields": {"action_time": "2026-06-24T04:10:31.721Z", "user": 1, "content_type": 11, "object_id": "10", "object_repr": "Large", "action_flag": 1, "change_message": "[{\"added\": {}}]"}}, {"model": "admin.logentry", "pk": 190, "fields": {"action_time": "2026-06-24T04:10:56.213Z", "user": 1, "content_type": 11, "object_id": "11", "object_repr": "Blue", "action_flag": 1, "change_message": "[{\"added\": {}}]"}}, {"model": "admin.logentry", "pk": 191, "fields": {"action_time": "2026-06-24T04:11:05.969Z", "user": 1, "content_type": 11, "object_id": "12", "object_repr": "white", "action_flag": 1, "change_message": "[{\"added\": {}}]"}}, {"model": "admin.logentry", "pk": 192, "fields": {"action_time": "2026-06-24T04:11:20.629Z", "user": 1, "content_type": 11, "object_id": "13", "object_repr": "Black", "action_flag": 1, "change_message": "[{\"added\": {}}]"}}, {"model": "admin.logentry", "pk": 193, "fields": {"action_time": "2026-06-24T04:11:28.523Z", "user": 1, "content_type": 11, "object_id": "14", "object_repr": "medium", "action_flag": 1, "change_message": "[{\"added\": {}}]"}}, {"model": "admin.logentry", "pk": 194, "fields": {"action_time": "2026-06-24T04:11:37.670Z", "user": 1, "content_type": 11, "object_id": "15", "object_repr": "small", "action_flag": 1, "change_message": "[{\"added\": {}}]"}}, {"model": "admin.logentry", "pk": 195, "fields": {"action_time": "2026-06-24T04:11:45.202Z", "user": 1, "content_type": 11, "object_id": "16", "object_repr": "Large", "action_flag": 1, "change_message": "[{\"added\": {}}]"}}, {"model": "admin.logentry", "pk": 196, "fields": {"action_time": "2026-06-24T04:12:23.062Z", "user": 1, "content_type": 11, "object_id": "17", "object_repr": "Blue", "action_flag": 1, "change_message": "[{\"added\": {}}]"}}, {"model": "admin.logentry", "pk": 197, "fields": {"action_time": "2026-06-24T04:12:30.031Z", "user": 1, "content_type": 11, "object_id": "18", "object_repr": "white", "action_flag": 1, "change_message": "[{\"added\": {}}]"}}, {"model": "admin.logentry", "pk": 198, "fields": {"action_time": "2026-06-24T04:12:36.623Z", "user": 1, "content_type": 11, "object_id": "19", "object_repr": "Black", "action_flag": 1, "change_message": "[{\"added\": {}}]"}}, {"model": "admin.logentry", "pk": 199, "fields": {"action_time": "2026-06-24T04:12:47.782Z", "user": 1, "content_type": 11, "object_id": "20", "object_repr": "Large", "action_flag": 1, "change_message": "[{\"added\": {}}]"}}, {"model": "admin.logentry", "pk": 200, "fields": {"action_time": "2026-06-24T04:12:56.513Z", "user": 1, "content_type": 11, "object_id": "21", "object_repr": "medium", "action_flag": 1, "change_message": "[{\"added\": {}}]"}}, {"model": "admin.logentry", "pk": 201, "fields": {"action_time": "2026-06-24T04:13:03.636Z", "user": 1, "content_type": 11, "object_id": "22", "object_repr": "small", "action_flag": 1, "change_message": "[{\"added\": {}}]"}}, {"model": "admin.logentry", "pk": 202, "fields": {"action_time": "2026-06-24T04:13:30.434Z", "user": 1, "content_type": 11, "object_id": "23", "object_repr": "Blue", "action_flag": 1, "change_message": "[{\"added\": {}}]"}}, {"model": "admin.logentry", "pk": 203, "fields": {"action_time": "2026-06-24T04:13:38.249Z", "user": 1, "content_type": 11, "object_id": "24", "object_repr": "white", "action_flag": 1, "change_message": "[{\"added\": {}}]"}}, {"model": "admin.logentry", "pk": 204, "fields": {"action_time": "2026-06-24T04:13:45.964Z", "user": 1, "content_type": 11, "object_id": "25", "object_repr": "Black", "action_flag": 1, "change_message": "[{\"added\": {}}]"}}, {"model": "admin.logentry", "pk": 205, "fields": {"action_time": "2026-06-24T04:13:56.933Z", "user": 1, "content_type": 11, "object_id": "26", "object_repr": "medium", "action_flag": 1, "change_message": "[{\"added\": {}}]"}}, {"model": "admin.logentry", "pk": 206, "fields": {"action_time": "2026-06-24T04:14:15.809Z", "user": 1, "content_type": 11, "object_id": "27", "object_repr": "small", "action_flag": 1, "change_message": "[{\"added\": {}}]"}}, {"model": "admin.logentry", "pk": 207, "fields": {"action_time": "2026-06-24T04:14:24.234Z", "user": 1, "content_type": 11, "object_id": "28", "object_repr": "Large", "action_flag": 1, "change_message": "[{\"added\": {}}]"}}, {"model": "admin.logentry", "pk": 208, "fields": {"action_time": "2026-06-24T04:14:45.982Z", "user": 1, "content_type": 11, "object_id": "29", "object_repr": "Blue", "action_flag": 1, "change_message": "[{\"added\": {}}]"}}, {"model": "admin.logentry", "pk": 209, "fields": {"action_time": "2026-06-24T04:14:53.134Z", "user": 1, "content_type": 11, "object_id": "30", "object_repr": "white", "action_flag": 1, "change_message": "[{\"added\": {}}]"}}, {"model": "admin.logentry", "pk": 210, "fields": {"action_time": "2026-06-24T04:15:01.327Z", "user": 1, "content_type": 11, "object_id": "31", "object_repr": "Black", "action_flag": 1, "change_message": "[{\"added\": {}}]"}}, {"model": "admin.logentry", "pk": 211, "fields": {"action_time": "2026-06-24T04:15:10.962Z", "user": 1, "content_type": 11, "object_id": "32", "object_repr": "medium", "action_flag": 1, "change_message": "[{\"added\": {}}]"}}, {"model": "admin.logentry", "pk": 212, "fields": {"action_time": "2026-06-24T04:15:31.065Z", "user": 1, "content_type": 11, "object_id": "33", "object_repr": "small", "action_flag": 1, "change_message": "[{\"added\": {}}]"}}, {"model": "admin.logentry", "pk": 213, "fields": {"action_time": "2026-06-24T04:15:37.983Z", "user": 1, "content_type": 11, "object_id": "34", "object_repr": "Large", "action_flag": 1, "change_message": "[{\"added\": {}}]"}}, {"model": "admin.logentry", "pk": 214, "fields": {"action_time": "2026-06-24T04:16:02.901Z", "user": 1, "content_type": 11, "object_id": "35", "object_repr": "Blue", "action_flag": 1, "change_message": "[{\"added\": {}}]"}}, {"model": "admin.logentry", "pk": 215, "fields": {"action_time": "2026-06-24T04:16:54.939Z", "user": 1, "content_type": 11, "object_id": "36", "object_repr": "Brown", "action_flag": 1, "change_message": "[{\"added\": {}}]"}}, {"model": "admin.logentry", "pk": 216, "fields": {"action_time": "2026-06-24T04:17:06.623Z", "user": 1, "content_type": 11, "object_id": "37", "object_repr": "Black", "action_flag": 1, "change_message": "[{\"added\": {}}]"}}, {"model": "admin.logentry", "pk": 217, "fields": {"action_time": "2026-06-24T04:17:17.436Z", "user": 1, "content_type": 11, "object_id": "38", "object_repr": "small", "action_flag": 1, "change_message": "[{\"added\": {}}]"}}, {"model": "admin.logentry", "pk": 218, "fields": {"action_time": "2026-06-24T04:17:25.622Z", "user": 1, "content_type": 11, "object_id": "39", "object_repr": "Large", "action_flag": 1, "change_message": "[{\"added\": {}}]"}}, {"model": "admin.logentry", "pk": 219, "fields": {"action_time": "2026-06-24T04:17:54.967Z", "user": 1, "content_type": 11, "object_id": "40", "object_repr": "Blue", "action_flag": 1, "change_message": "[{\"added\": {}}]"}}, {"model": "admin.logentry", "pk": 220, "fields": {"action_time": "2026-06-24T04:18:08.530Z", "user": 1, "content_type": 11, "object_id": "41", "object_repr": "small", "action_flag": 1, "change_message": "[{\"added\": {}}]"}}, {"model": "admin.logentry", "pk": 221, "fields": {"action_time": "2026-06-24T04:18:19.436Z", "user": 1, "content_type": 11, "object_id": "42", "object_repr": "medium", "action_flag": 1, "change_message": "[{\"added\": {}}]"}}, {"model": "admin.logentry", "pk": 222, "fields": {"action_time": "2026-06-24T04:18:27.656Z", "user": 1, "content_type": 11, "object_id": "43", "object_repr": "Large", "action_flag": 1, "change_message": "[{\"added\": {}}]"}}, {"model": "admin.logentry", "pk": 223, "fields": {"action_time": "2026-06-24T04:20:56.298Z", "user": 1, "content_type": 11, "object_id": "13", "object_repr": "Black", "action_flag": 3, "change_message": ""}}, {"model": "admin.logentry", "pk": 224, "fields": {"action_time": "2026-06-24T04:20:56.298Z", "user": 1, "content_type": 11, "object_id": "12", "object_repr": "white", "action_flag": 3, "change_message": ""}}, {"model": "admin.logentry", "pk": 225, "fields": {"action_time": "2026-06-24T04:28:52.530Z", "user": 1, "content_type": 8, "object_id": "2", "object_repr": "RXN Blue Shirt", "action_flag": 2, "change_message": "[{\"added\": {\"name\": \"Product Gallery\", \"object\": \"RXN Blue Shirt\"}}, {\"added\": {\"name\": \"Product Gallery\", \"object\": \"RXN Blue Shirt\"}}]"}}, {"model": "admin.logentry", "pk": 226, "fields": {"action_time": "2026-06-24T04:29:46.291Z", "user": 1, "content_type": 8, "object_id": "4", "object_repr": "Jordan Basketball Shoes", "action_flag": 2, "change_message": "[{\"added\": {\"name\": \"Product Gallery\", \"object\": \"Jordan Basketball Shoes\"}}, {\"added\": {\"name\": \"Product Gallery\", \"object\": \"Jordan Basketball Shoes\"}}]"}}, {"model": "admin.logentry", "pk": 227, "fields": {"action_time": "2026-06-24T04:30:07.383Z", "user": 1, "content_type": 8, "object_id": "5", "object_repr": "Mavi Jeans", "action_flag": 2, "change_message": "[{\"added\": {\"name\": \"Product Gallery\", \"object\": \"Mavi Jeans\"}}, {\"added\": {\"name\": \"Product Gallery\", \"object\": \"Mavi Jeans\"}}]"}}, {"model": "admin.logentry", "pk": 228, "fields": {"action_time": "2026-06-24T04:30:25.425Z", "user": 1, "content_type": 8, "object_id": "6", "object_repr": "Puma Ferrari Shoes", "action_flag": 2, "change_message": "[{\"added\": {\"name\": \"Product Gallery\", \"object\": \"Puma Ferrari Shoes\"}}, {\"added\": {\"name\": \"Product Gallery\", \"object\": \"Puma Ferrari Shoes\"}}]"}}, {"model": "admin.logentry", "pk": 229, "fields": {"action_time": "2026-06-24T04:30:36.182Z", "user": 1, "content_type": 8, "object_id": "7", "object_repr": "US Polo Assn Jacket", "action_flag": 2, "change_message": "[{\"added\": {\"name\": \"Product Gallery\", \"object\": \"US Polo Assn Jacket\"}}]"}}, {"model": "admin.logentry", "pk": 230, "fields": {"action_time": "2026-06-24T08:45:37.837Z", "user": 1, "content_type": 8, "object_id": "2", "object_repr": "RXN Blue Shirt", "action_flag": 2, "change_message": "[{\"deleted\": {\"name\": \"Product Gallery\", \"object\": \"RXN Blue Shirt\"}}, {\"deleted\": {\"name\": \"Product Gallery\", \"object\": \"RXN Blue Shirt\"}}]"}}, {"model": "admin.logentry", "pk": 231, "fields": {"action_time": "2026-06-24T08:47:03.258Z", "user": 1, "content_type": 8, "object_id": "2", "object_repr": "RXN Blue Shirt", "action_flag": 2, "change_message": "[{\"added\": {\"name\": \"Product Gallery\", \"object\": \"RXN Blue Shirt\"}}]"}}, {"model": "admin.logentry", "pk": 232, "fields": {"action_time": "2026-06-24T08:49:01.767Z", "user": 1, "content_type": 8, "object_id": "4", "object_repr": "Jordan Basketball Shoes", "action_flag": 2, "change_message": "[{\"deleted\": {\"name\": \"Product Gallery\", \"object\": \"Jordan Basketball Shoes\"}}, {\"deleted\": {\"name\": \"Product Gallery\", \"object\": \"Jordan Basketball Shoes\"}}]"}}, {"model": "admin.logentry", "pk": 233, "fields": {"action_time": "2026-06-24T08:49:10.617Z", "user": 1, "content_type": 8, "object_id": "4", "object_repr": "Jordan Basketball Shoes", "action_flag": 2, "change_message": "[{\"added\": {\"name\": \"Product Gallery\", \"object\": \"Jordan Basketball Shoes\"}}]"}}, {"model": "admin.logentry", "pk": 234, "fields": {"action_time": "2026-06-24T08:50:25.030Z", "user": 1, "content_type": 8, "object_id": "5", "object_repr": "Mavi Jeans", "action_flag": 2, "change_message": "[{\"deleted\": {\"name\": \"Product Gallery\", \"object\": \"Mavi Jeans\"}}, {\"deleted\": {\"name\": \"Product Gallery\", \"object\": \"Mavi Jeans\"}}]"}}, {"model": "admin.logentry", "pk": 235, "fields": {"action_time": "2026-06-24T08:50:43.770Z", "user": 1, "content_type": 8, "object_id": "5", "object_repr": "Mavi Jeans", "action_flag": 2, "change_message": "[{\"added\": {\"name\": \"Product Gallery\", \"object\": \"Mavi Jeans\"}}]"}}, {"model": "admin.logentry", "pk": 236, "fields": {"action_time": "2026-06-24T08:53:30.277Z", "user": 1, "content_type": 8, "object_id": "7", "object_repr": "US Polo Assn Jacket", "action_flag": 2, "change_message": "[{\"deleted\": {\"name\": \"Product Gallery\", \"object\": \"US Polo Assn Jacket\"}}]"}}, {"model": "admin.logentry", "pk": 237, "fields": {"action_time": "2026-06-24T08:53:38.313Z", "user": 1, "content_type": 8, "object_id": "7", "object_repr": "US Polo Assn Jacket", "action_flag": 2, "change_message": "[{\"added\": {\"name\": \"Product Gallery\", \"object\": \"US Polo Assn Jacket\"}}]"}}, {"model": "admin.logentry", "pk": 238, "fields": {"action_time": "2026-06-24T08:55:29.791Z", "user": 1, "content_type": 8, "object_id": "3", "object_repr": "Great Tshirt", "action_flag": 2, "change_message": "[{\"added\": {\"name\": \"Product Gallery\", \"object\": \"Great Tshirt\"}}]"}}, {"model": "admin.logentry", "pk": 239, "fields": {"action_time": "2026-06-24T08:57:43.071Z", "user": 1, "content_type": 8, "object_id": "8", "object_repr": "Wrangler Shirt", "action_flag": 2, "change_message": "[{\"added\": {\"name\": \"Product Gallery\", \"object\": \"Wrangler Shirt\"}}]"}}, {"model": "admin.logentry", "pk": 240, "fields": {"action_time": "2026-06-24T08:58:15.333Z", "user": 1, "content_type": 11, "object_id": "44", "object_repr": "white", "action_flag": 1, "change_message": "[{\"added\": {}}]"}}, {"model": "admin.logentry", "pk": 241, "fields": {"action_time": "2026-06-24T10:05:35.976Z", "user": 1, "content_type": 7, "object_id": "16", "object_repr": "vigneshdileep80@gmail.com", "action_flag": 3, "change_message": ""}}, {"model": "admin.logentry", "pk": 242, "fields": {"action_time": "2026-06-24T10:08:22.118Z", "user": 1, "content_type": 7, "object_id": "17", "object_repr": "vigneshdileep80@gmail.com", "action_flag": 3, "change_message": ""}}, {"model": "auth.permission", "pk": 1, "fields": {"name": "Can add log entry", "content_type": 1, "codename": "add_logentry"}}, {"model": "auth.permission", "pk": 2, "fields": {"name": "Can change log entry", "content_type": 1, "codename": "change_logentry"}}, {"model": "auth.permission", "pk": 3, "fields": {"name": "Can delete log entry", "content_type": 1, "codename": "delete_logentry"}}, {"model": "auth.permission", "pk": 4, "fields": {"name": "Can view log entry", "content_type": 1, "codename": "view_logentry"}}, {"model": "auth.permission", "pk": 5, "fields": {"name": "Can add permission", "content_type": 2, "codename": "add_permission"}}, {"model": "auth.permission", "pk": 6, "fields": {"name": "Can change permission", "content_type": 2, "codename": "change_permission"}}, {"model": "auth.permission", "pk": 7, "fields": {"name": "Can delete permission", "content_type": 2, "codename": "delete_permission"}}, {"model": "auth.permission", "pk": 8, "fields": {"name": "Can view permission", "content_type": 2, "codename": "view_permission"}}, {"model": "auth.permission", "pk": 9, "fields": {"name": "Can add group", "content_type": 3, "codename": "add_group"}}, {"model": "auth.permission", "pk": 10, "fields": {"name": "Can change group", "content_type": 3, "codename": "change_group"}}, {"model": "auth.permission", "pk": 11, "fields": {"name": "Can delete group", "content_type": 3, "codename": "delete_group"}}, {"model": "auth.permission", "pk": 12, "fields": {"name": "Can view group", "content_type": 3, "codename": "view_group"}}, {"model": "auth.permission", "pk": 13, "fields": {"name": "Can add content type", "content_type": 4, "codename": "add_contenttype"}}, {"model": "auth.permission", "pk": 14, "fields": {"name": "Can change content type", "content_type": 4, "codename": "change_contenttype"}}, {"model": "auth.permission", "pk": 15, "fields": {"name": "Can delete content type", "content_type": 4, "codename": "delete_contenttype"}}, {"model": "auth.permission", "pk": 16, "fields": {"name": "Can view content type", "content_type": 4, "codename": "view_contenttype"}}, {"model": "auth.permission", "pk": 17, "fields": {"name": "Can add session", "content_type": 5, "codename": "add_session"}}, {"model": "auth.permission", "pk": 18, "fields": {"name": "Can change session", "content_type": 5, "codename": "change_session"}}, {"model": "auth.permission", "pk": 19, "fields": {"name": "Can delete session", "content_type": 5, "codename": "delete_session"}}, {"model": "auth.permission", "pk": 20, "fields": {"name": "Can view session", "content_type": 5, "codename": "view_session"}}, {"model": "auth.permission", "pk": 21, "fields": {"name": "Can add category", "content_type": 6, "codename": "add_category"}}, {"model": "auth.permission", "pk": 22, "fields": {"name": "Can change category", "content_type": 6, "codename": "change_category"}}, {"model": "auth.permission", "pk": 23, "fields": {"name": "Can delete category", "content_type": 6, "codename": "delete_category"}}, {"model": "auth.permission", "pk": 24, "fields": {"name": "Can view category", "content_type": 6, "codename": "view_category"}}, {"model": "auth.permission", "pk": 25, "fields": {"name": "Can add account", "content_type": 7, "codename": "add_account"}}, {"model": "auth.permission", "pk": 26, "fields": {"name": "Can change account", "content_type": 7, "codename": "change_account"}}, {"model": "auth.permission", "pk": 27, "fields": {"name": "Can delete account", "content_type": 7, "codename": "delete_account"}}, {"model": "auth.permission", "pk": 28, "fields": {"name": "Can view account", "content_type": 7, "codename": "view_account"}}, {"model": "auth.permission", "pk": 29, "fields": {"name": "Can add product", "content_type": 8, "codename": "add_product"}}, {"model": "auth.permission", "pk": 30, "fields": {"name": "Can change product", "content_type": 8, "codename": "change_product"}}, {"model": "auth.permission", "pk": 31, "fields": {"name": "Can delete product", "content_type": 8, "codename": "delete_product"}}, {"model": "auth.permission", "pk": 32, "fields": {"name": "Can view product", "content_type": 8, "codename": "view_product"}}, {"model": "auth.permission", "pk": 33, "fields": {"name": "Can add cart", "content_type": 9, "codename": "add_cart"}}, {"model": "auth.permission", "pk": 34, "fields": {"name": "Can change cart", "content_type": 9, "codename": "change_cart"}}, {"model": "auth.permission", "pk": 35, "fields": {"name": "Can delete cart", "content_type": 9, "codename": "delete_cart"}}, {"model": "auth.permission", "pk": 36, "fields": {"name": "Can view cart", "content_type": 9, "codename": "view_cart"}}, {"model": "auth.permission", "pk": 37, "fields": {"name": "Can add cart item", "content_type": 10, "codename": "add_cartitem"}}, {"model": "auth.permission", "pk": 38, "fields": {"name": "Can change cart item", "content_type": 10, "codename": "change_cartitem"}}, {"model": "auth.permission", "pk": 39, "fields": {"name": "Can delete cart item", "content_type": 10, "codename": "delete_cartitem"}}, {"model": "auth.permission", "pk": 40, "fields": {"name": "Can view cart item", "content_type": 10, "codename": "view_cartitem"}}, {"model": "auth.permission", "pk": 41, "fields": {"name": "Can add variation", "content_type": 11, "codename": "add_variation"}}, {"model": "auth.permission", "pk": 42, "fields": {"name": "Can change variation", "content_type": 11, "codename": "change_variation"}}, {"model": "auth.permission", "pk": 43, "fields": {"name": "Can delete variation", "content_type": 11, "codename": "delete_variation"}}, {"model": "auth.permission", "pk": 44, "fields": {"name": "Can view variation", "content_type": 11, "codename": "view_variation"}}, {"model": "auth.permission", "pk": 45, "fields": {"name": "Can add order", "content_type": 12, "codename": "add_order"}}, {"model": "auth.permission", "pk": 46, "fields": {"name": "Can change order", "content_type": 12, "codename": "change_order"}}, {"model": "auth.permission", "pk": 47, "fields": {"name": "Can delete order", "content_type": 12, "codename": "delete_order"}}, {"model": "auth.permission", "pk": 48, "fields": {"name": "Can view order", "content_type": 12, "codename": "view_order"}}, {"model": "auth.permission", "pk": 49, "fields": {"name": "Can add order product", "content_type": 13, "codename": "add_orderproduct"}}, {"model": "auth.permission", "pk": 50, "fields": {"name": "Can change order product", "content_type": 13, "codename": "change_orderproduct"}}, {"model": "auth.permission", "pk": 51, "fields": {"name": "Can delete order product", "content_type": 13, "codename": "delete_orderproduct"}}, {"model": "auth.permission", "pk": 52, "fields": {"name": "Can view order product", "content_type": 13, "codename": "view_orderproduct"}}, {"model": "auth.permission", "pk": 53, "fields": {"name": "Can add payment", "content_type": 14, "codename": "add_payment"}}, {"model": "auth.permission", "pk": 54, "fields": {"name": "Can change payment", "content_type": 14, "codename": "change_payment"}}, {"model": "auth.permission", "pk": 55, "fields": {"name": "Can delete payment", "content_type": 14, "codename": "delete_payment"}}, {"model": "auth.permission", "pk": 56, "fields": {"name": "Can view payment", "content_type": 14, "codename": "view_payment"}}, {"model": "auth.permission", "pk": 57, "fields": {"name": "Can add PayPal IPN", "content_type": 15, "codename": "add_paypalipn"}}, {"model": "auth.permission", "pk": 58, "fields": {"name": "Can change PayPal IPN", "content_type": 15, "codename": "change_paypalipn"}}, {"model": "auth.permission", "pk": 59, "fields": {"name": "Can delete PayPal IPN", "content_type": 15, "codename": "delete_paypalipn"}}, {"model": "auth.permission", "pk": 60, "fields": {"name": "Can view PayPal IPN", "content_type": 15, "codename": "view_paypalipn"}}, {"model": "auth.permission", "pk": 61, "fields": {"name": "Can add review rating", "content_type": 16, "codename": "add_reviewrating"}}, {"model": "auth.permission", "pk": 62, "fields": {"name": "Can change review rating", "content_type": 16, "codename": "change_reviewrating"}}, {"model": "auth.permission", "pk": 63, "fields": {"name": "Can delete review rating", "content_type": 16, "codename": "delete_reviewrating"}}, {"model": "auth.permission", "pk": 64, "fields": {"name": "Can view review rating", "content_type": 16, "codename": "view_reviewrating"}}, {"model": "auth.permission", "pk": 65, "fields": {"name": "Can add user profile", "content_type": 17, "codename": "add_userprofile"}}, {"model": "auth.permission", "pk": 66, "fields": {"name": "Can change user profile", "content_type": 17, "codename": "change_userprofile"}}, {"model": "auth.permission", "pk": 67, "fields": {"name": "Can delete user profile", "content_type": 17, "codename": "delete_userprofile"}}, {"model": "auth.permission", "pk": 68, "fields": {"name": "Can view user profile", "content_type": 17, "codename": "view_userprofile"}}, {"model": "auth.permission", "pk": 69, "fields": {"name": "Can add Product Gallery", "content_type": 18, "codename": "add_productgallery"}}, {"model": "auth.permission", "pk": 70, "fields": {"name": "Can change Product Gallery", "content_type": 18, "codename": "change_productgallery"}}, {"model": "auth.permission", "pk": 71, "fields": {"name": "Can delete Product Gallery", "content_type": 18, "codename": "delete_productgallery"}}, {"model": "auth.permission", "pk": 72, "fields": {"name": "Can view Product Gallery", "content_type": 18, "codename": "view_productgallery"}}, {"model": "contenttypes.contenttype", "pk": 1, "fields": {"app_label": "admin", "model": "logentry"}}, {"model": "contenttypes.contenttype", "pk": 2, "fields": {"app_label": "auth", "model": "permission"}}, {"model": "contenttypes.contenttype", "pk": 3, "fields": {"app_label": "auth", "model": "group"}}, {"model": "contenttypes.contenttype", "pk": 4, "fields": {"app_label": "contenttypes", "model": "contenttype"}}, {"model": "contenttypes.contenttype", "pk": 5, "fields": {"app_label": "sessions", "model": "session"}}, {"model": "contenttypes.contenttype", "pk": 6, "fields": {"app_label": "category", "model": "category"}}, {"model": "contenttypes.contenttype", "pk": 7, "fields": {"app_label": "accounts", "model": "account"}}, {"model": "contenttypes.contenttype", "pk": 8, "fields": {"app_label": "store", "model": "product"}}, {"model": "contenttypes.contenttype", "pk": 9, "fields": {"app_label": "carts", "model": "cart"}}, {"model": "contenttypes.contenttype", "pk": 10, "fields": {"app_label": "carts", "model": "cartitem"}}, {"model": "contenttypes.contenttype", "pk": 11, "fields": {"app_label": "store", "model": "variation"}}, {"model": "contenttypes.contenttype", "pk": 12, "fields": {"app_label": "orders", "model": "order"}}, {"model": "contenttypes.contenttype", "pk": 13, "fields": {"app_label": "orders", "model": "orderproduct"}}, {"model": "contenttypes.contenttype", "pk": 14, "fields": {"app_label": "orders", "model": "payment"}}, {"model": "contenttypes.contenttype", "pk": 15, "fields": {"app_label": "ipn", "model": "paypalipn"}}, {"model": "contenttypes.contenttype", "pk": 16, "fields": {"app_label": "store", "model": "reviewrating"}}, {"model": "contenttypes.contenttype", "pk": 17, "fields": {"app_label": "accounts", "model": "userprofile"}}, {"model": "contenttypes.contenttype", "pk": 18, "fields": {"app_label": "store", "model": "productgallery"}}, {"model": "sessions.session", "pk": "1swii7ns3g4q3xauap4r8sn7ryex74t9", "fields": {"session_data": ".eJxVjDsOwjAQBe_iGlne3ayJKelzBstfHEC2FCcV4u4QKQW0b2beS1i3rcVuPS12juIiQJx-N-_CI9UdxLurtyZDq-sye7kr8qBdTi2m5_Vw_w6K6-VbZzIEA0HATDDqrMzgDJ-9Djog8AgMOmlUqAgNqUicTQbixAoyDizeH6KDNeg:1wN3OR:GoGPgS0TawLl5kFoKt7IPVgQd_6b93IlNsQTZtqmwcE", "expire_date": "2026-05-27T06:48:31.542Z"}}, {"model": "sessions.session", "pk": "62dbuf4yfz9vgro7tyzfpug9mode41ti", "fields": {"session_data": ".eJxVjDsOwjAQBe_iGlne3ayJKelzBstfHEC2FCcV4u4QKQW0b2beS1i3rcVuPS12juIiQJx-N-_CI9UdxLurtyZDq-sye7kr8qBdTi2m5_Vw_w6K6-VbZzIEA0HATDDqrMzgDJ-9Djog8AgMOmlUqAgNqUicTQbixAoyDizeH6KDNeg:1wMHM3:aRxSFJIoHF2nLJUK_D-LtY-sr9QZ2mJqYJz5J61UWu0", "expire_date": "2026-05-25T03:30:51.730Z"}}, {"model": "sessions.session", "pk": "68oeq2l9qm19phbholm6kr7xqilo4qc0", "fields": {"session_data": "e30:1wcOpQ:DS8Ne_Dnj9dCHoHZiOAV6UzhQXOo7c2UBhI5jobMkS8", "expire_date": "2026-07-08T14:43:48.709Z"}}, {"model": "sessions.session", "pk": "brgbukzj3i0nr4xw6rqksygq649bz8mf", "fields": {"session_data": "e30:1wcOo5:fJpAmxSgpWpdgb2_YeEOkhgahpRHLnVoYhUYAx2zgAY", "expire_date": "2026-07-08T14:42:25.695Z"}}, {"model": "sessions.session", "pk": "c0430t74rowlrll2srzp846jf6sb6qjm", "fields": {"session_data": ".eJxVjDsOwjAQBe_iGlne3ayJKelzBstfHEC2FCcV4u4QKQW0b2beS1i3rcVuPS12juIiQJx-N-_CI9UdxLurtyZDq-sye7kr8qBdTi2m5_Vw_w6K6-VbZzIEA0HATDDqrMzgDJ-9Djog8AgMOmlUqAgNqUicTQbixAoyDizeH6KDNeg:1wWSvY:f1Sjbh9O0-wwIZsHa2zlRBiJJ4M4BNM662yk3xupjMg", "expire_date": "2026-06-22T05:53:36.265Z"}}, {"model": "sessions.session", "pk": "d97h1qao94z2m93rhnz61p9fca9a1mht", "fields": {"session_data": "e30:1wcOns:w1UTGDAakVGHa9tMfOrt3yxqluBMQLkDn44OC8Mg_ag", "expire_date": "2026-07-08T14:42:12.188Z"}}, {"model": "sessions.session", "pk": "hojpjjkceb3wnfq8q384iml7yhc64251", "fields": {"session_data": ".eJxVjDsOwjAQBe_iGlne3ayJKelzBstfHEC2FCcV4u4QKQW0b2beS1i3rcVuPS12juIiQJx-N-_CI9UdxLurtyZDq-sye7kr8qBdTi2m5_Vw_w6K6-VbZzIEA0HATDDqrMzgDJ-9Djog8AgMOmlUqAgNqUicTQbixAoyDizeH6KDNeg:1wVbxK:O3F5JzfAImhQx8LDoG3wSFQvlXVQ5YIdRzbNt1QWMr0", "expire_date": "2026-06-19T21:19:54.285Z"}}, {"model": "sessions.session", "pk": "lqon99sm4m29lmpl299ye5iqdqpiw4o9", "fields": {"session_data": "e30:1wcOpO:K4mLS-rUVd8zww7HY8eg0K8CicIFarVYa5Rb8BhA7Xc", "expire_date": "2026-07-08T14:43:46.994Z"}}, {"model": "sessions.session", "pk": "ninccrbly77n08h9xe12jiz7qhe6gkvc", "fields": {"session_data": "e30:1wcOnp:1ZZT7LMK-ObtRXf8PMIhEkf9W29yPqKrRb9O_PcppK4", "expire_date": "2026-07-08T14:42:09.379Z"}}, {"model": "sessions.session", "pk": "p9uona48urmcgv82e9o17zhas80fzlpm", "fields": {"session_data": ".eJxVjMsOwiAQRf-FtSGUNy7d-w1khgGpGkhKuzL-uzbpQrf3nHNfLMK21riNvMSZ2JlNmp1-R4T0yG0ndId26zz1ti4z8l3hBx382ik_L4f7d1Bh1G9tAgAZawsVb4pzKniXlPVkJeg0CYlaZJGtExisxCATSOUFmaywGJDs_QECozfc:1wVaF2:2Ul8eqv-4hOPI4Q4L6u4GbIkGMYUsPkd2q3UFYhLJdw", "expire_date": "2026-06-19T19:30:04.928Z"}}, {"model": "sessions.session", "pk": "ujwl423tvqk59pgz8ebgonbzh338i0q8", "fields": {"session_data": "e30:1wcOpO:K4mLS-rUVd8zww7HY8eg0K8CicIFarVYa5Rb8BhA7Xc", "expire_date": "2026-07-08T14:43:46.198Z"}}, {"model": "sessions.session", "pk": "uvh76s55jnwcuj73kf20zsvbh07lxfc3", "fields": {"session_data": ".eJxVjMsOwiAQRf-FtSGUNy7d-w1khgGpGkhKuzL-uzbpQrf3nHNfLMK21riNvMSZ2JlNmp1-R4T0yG0ndId26zz1ti4z8l3hBx382ik_L4f7d1Bh1G9tAgAZawsVb4pzKniXlPVkJeg0CYlaZJGtExisxCATSOUFmaywGJDs_QECozfc:1wVYhg:XgbTGPhq6Oy0Q6vC8r68Rq7Autx-n05N3xLMTPoWN5w", "expire_date": "2026-06-19T17:51:32.037Z"}}, {"model": "sessions.session", "pk": "v2w8jkoft4ag3ryinmzkvxvyez0ks2wn", "fields": {"session_data": "e30:1wcOpQ:DS8Ne_Dnj9dCHoHZiOAV6UzhQXOo7c2UBhI5jobMkS8", "expire_date": "2026-07-08T14:43:48.166Z"}}, {"model": "sessions.session", "pk": "y113ljey9vj1i3ljmk9ks4y8olranmxb", "fields": {"session_data": "eyJfc2Vzc2lvbl9pbml0X3RpbWVzdGFtcF8iOjE3ODIzMTI0NzkuODQ4MzExfQ:1wcOtT:ZJsxDrgtSbwi7W5kU5lkppIuHszKdfw6d_1uTC1W4A4", "expire_date": "2026-07-08T14:47:59.901Z"}}, {"model": "sessions.session", "pk": "y4ty1mk81f5uszxa79cd2tmqh3zaith2", "fields": {"session_data": ".eJxVjDsOwjAQBe_iGlne3ayJKelzBstfHEC2FCcV4u4QKQW0b2beS1i3rcVuPS12juIiQJx-N-_CI9UdxLurtyZDq-sye7kr8qBdTi2m5_Vw_w6K6-VbZzIEA0HATDDqrMzgDJ-9Djog8AgMOmlUqAgNqUicTQbixAoyDizeH6KDNeg:1wVa1j:ZybG4oGl2jcytpZYSzqb5ZGisWcnrX3foKRrwziUg5o", "expire_date": "2026-06-19T19:16:19.060Z"}}, {"model": "sessions.session", "pk": "ysy7p9hn2n308fz4zknzmobofgboaog7", "fields": {"session_data": ".eJxVjDsOwjAQBe_iGlne3ayJKelzBstfHEC2FCcV4u4QKQW0b2beS1i3rcVuPS12juIiQJx-N-_CI9UdxLurtyZDq-sye7kr8qBdTi2m5_Vw_w6K6-VbZzIEA0HATDDqrMzgDJ-9Djog8AgMOmlUqAgNqUicTQbixAoyDizeH6KDNeg:1wFr4l:EogJ3TrT41RydYHtUIg-_RMxRgzS2iYm6dZcPp57nHg", "expire_date": "2026-05-07T10:14:27.183Z"}}, {"model": "sessions.session", "pk": "z5wq72jxri1z73vi1l5tkknc7xacc098", "fields": {"session_data": "eyJfc2Vzc2lvbl9pbml0X3RpbWVzdGFtcF8iOjE3ODIzMTc0MDMuNjc0MTE5N30:1wcQAt:uKDL8cc9Gix630vsmeFpQxRMmOXXowlvu-MJD-e5OQI", "expire_date": "2026-07-08T16:10:03.757Z"}}, {"model": "sessions.session", "pk": "zsvjn7hvnphl5u1e9qibxqipb976h1yg", "fields": {"session_data": ".eJxVjDsOwjAQBe_iGlne3ayJKelzBstfHEC2FCcV4u4QKQW0b2beS1i3rcVuPS12juIiQJx-N-_CI9UdxLurtyZDq-sye7kr8qBdTi2m5_Vw_w6K6-VbZzIEA0HATDDqrMzgDJ-9Djog8AgMOmlUqAgNqUicTQbixAoyDizeH6KDNeg:1wVYXH:eWEpRFXkL1XpsZhxoE1m_4wQESd1zUEupDd8aqc0pIU", "expire_date": "2026-06-19T17:40:47.563Z"}}, {"model": "category.category", "pk": 1, "fields": {"category_name": "Shirts", "slug": "shirts", "description": "This is the demo shirt category", "cat_image": "photos/categories/shirts.jpg"}}, {"model": "category.category", "pk": 2, "fields": {"category_name": "T-Shirt", "slug": "t-shirt", "description": "This is the demo T-Shirt category", "cat_image": "photos/categories/tshirts.jpg"}}, {"model": "category.category", "pk": 3, "fields": {"category_name": "Shoes", "slug": "shoes", "description": "This is the demo shoes category", "cat_image": "photos/categories/shoes.png"}}, {"model": "category.category", "pk": 4, "fields": {"category_name": "Jackets", "slug": "jackets", "description": "This is the demo jackets category", "cat_image": "photos/categories/jackets.jpg"}}, {"model": "category.category", "pk": 5, "fields": {"category_name": "Jeans", "slug": "jeans", "description": "This is the demo jeans category", "cat_image": "photos/categories/jeans.jpg"}}, {"model": "accounts.account", "pk": 1, "fields": {"password": "pbkdf2_sha256$870000$JSP6IK8z9dDja3vxcfQlQx$rdI6BrVaPWFOTBv72QtDZ22HIM8M1Ut2rmChO9muho4=", "first_name": "Lionel", "last_name": "Messi", "username": "admin", "email": "vigneshdileep123@gmail.com", "phone_number": "07554469077", "date_joined": "2026-04-23T10:13:55.545Z", "last_login": "2026-06-24T10:08:07.961Z", "is_staff": true, "is_admin": true, "is_superadmin": true, "is_active": true}}, {"model": "accounts.account", "pk": 14, "fields": {"password": "pbkdf2_sha256$1000000$5G5NaMVzMlOk3l0Iuq85lO$tJ0UH8VmfdvqEUqHebhi74TYyzYNEDMPG4JOZ/NmbWI=", "first_name": "Vignesh", "last_name": "Dileep", "username": "vigneshdileep8", "email": "vigneshdileep8@gmail.com", "phone_number": "06282526268", "date_joined": "2026-06-01T15:43:00.979Z", "last_login": "2026-06-11T09:11:02.662Z", "is_staff": false, "is_admin": false, "is_superadmin": false, "is_active": true}}, {"model": "accounts.account", "pk": 15, "fields": {"password": "pbkdf2_sha256$1000000$DnRoWogQrr1zNVr3hKo3xR$LTfS+j6z8vVwkQMQdmnwaPSKSa5i8QvAFfF5ua/pnaQ=", "first_name": "Dileep", "last_name": "Kumar", "username": "samscar20", "email": "samscar20@gmail.com", "phone_number": "9387818463", "date_joined": "2026-06-02T16:37:35.145Z", "last_login": "2026-06-02T16:37:35.145Z", "is_staff": false, "is_admin": false, "is_superadmin": false, "is_active": false}}, {"model": "accounts.account", "pk": 18, "fields": {"password": "pbkdf2_sha256$870000$VZv0oCGUo054SYbeEW3Azm$8qf6nqLINOshofzeOBnwsv+aKsVmyFszT3/NlS8xkHU=", "first_name": "Cristiano", "last_name": "Ronaldo", "username": "vigneshdileep80", "email": "vigneshdileep80@gmail.com", "phone_number": "3297492749", "date_joined": "2026-06-24T10:09:24.405Z", "last_login": "2026-06-24T10:23:18.383Z", "is_staff": false, "is_admin": false, "is_superadmin": false, "is_active": true}}, {"model": "accounts.userprofile", "pk": 1, "fields": {"user": 1, "address_line_1": "91 Compass Lane, Fort Lauderdale,", "address_line_2": "", "profile_picture": "userprofile/mesii_profile_for_bb_nEN38lN.jpg", "city": "Florida", "state": "Rosario", "country": "USA"}}, {"model": "accounts.userprofile", "pk": 4, "fields": {"user": 18, "address_line_1": "61", "address_line_2": "", "profile_picture": "userprofile/ronaldo_profile_picture_for_bb_yFNQNF8.jpg", "city": "street", "state": "England", "country": "United Kingdom"}}, {"model": "store.product", "pk": 1, "fields": {"product_name": "ATX-Jeans", "slug": "atx-jeans", "description": "Lorem Ipsum is simply dummy text of the printing and typesetting industry. Lorem Ipsum has been the industry's standard dummy text ever since the 1500s,", "price": 199, "images": "photos/products/ATX-Jeans.jpg", "stock": 81, "is_available": true, "category": 5, "created_date": "2026-04-23T11:33:19.291Z", "modified_date": "2026-06-24T08:01:41.027Z"}}, {"model": "store.product", "pk": 2, "fields": {"product_name": "RXN Blue Shirt", "slug": "rxn-blue-shirt", "description": "Lorem Ipsum is simply dummy text of the printing and typesetting industry. Lorem Ipsum has been the industry's standard dummy text ever since the 1500s,", "price": 99, "images": "photos/products/Blue-Shirt.jpg", "stock": 197, "is_available": true, "category": 1, "created_date": "2026-04-23T11:34:14.053Z", "modified_date": "2026-06-24T10:33:55.060Z"}}, {"model": "store.product", "pk": 3, "fields": {"product_name": "Great Tshirt", "slug": "great-tshirt", "description": "Lorem Ipsum is simply dummy text of the printing and typesetting industry. Lorem Ipsum has been the industry's standard dummy text ever since the 1500s,", "price": 119, "images": "photos/products/Great-Tshirt.jpg", "stock": 0, "is_available": true, "category": 2, "created_date": "2026-04-23T11:34:46.383Z", "modified_date": "2026-06-24T08:55:29.791Z"}}, {"model": "store.product", "pk": 4, "fields": {"product_name": "Jordan Basketball Shoes", "slug": "jordan-basketball-shoes", "description": "Lorem Ipsum is simply dummy text of the printing and typesetting industry. Lorem Ipsum has been the industry's standard dummy text ever since the 1500s,", "price": 999, "images": "photos/products/jordan-true-flight-basketball-shoes.jpg", "stock": 999, "is_available": true, "category": 3, "created_date": "2026-04-23T11:35:26.713Z", "modified_date": "2026-06-24T08:49:10.617Z"}}, {"model": "store.product", "pk": 5, "fields": {"product_name": "Mavi Jeans", "slug": "mavi-jeans", "description": "Lorem Ipsum is simply dummy text of the printing and typesetting industry. Lorem Ipsum has been the industry's standard dummy text ever since the 1500s,", "price": 499, "images": "photos/products/Mavi_jeans.jpg", "stock": 1000, "is_available": true, "category": 5, "created_date": "2026-04-23T11:36:02.620Z", "modified_date": "2026-06-24T08:50:43.765Z"}}, {"model": "store.product", "pk": 6, "fields": {"product_name": "Puma Ferrari Shoes", "slug": "puma-ferrari-shoes", "description": "Lorem Ipsum is simply dummy text of the printing and typesetting industry. Lorem Ipsum has been the industry's standard dummy text ever since the 1500s,", "price": 1099, "images": "photos/products/Puma-Ferrari-Shoes.jpg", "stock": 500, "is_available": true, "category": 3, "created_date": "2026-04-23T11:36:52.507Z", "modified_date": "2026-06-24T04:30:25.424Z"}}, {"model": "store.product", "pk": 7, "fields": {"product_name": "US Polo Assn Jacket", "slug": "us-polo-assn-jacket", "description": "Lorem Ipsum is simply dummy text of the printing and typesetting industry. Lorem Ipsum has been the industry's standard dummy text ever since the 1500s,", "price": 899, "images": "photos/products/US-Polo-Assn_Jacket.jpg", "stock": 300, "is_available": true, "category": 4, "created_date": "2026-04-23T11:37:35.318Z", "modified_date": "2026-06-24T08:53:38.313Z"}}, {"model": "store.product", "pk": 8, "fields": {"product_name": "Wrangler Shirt", "slug": "wrangler-shirt", "description": "Lorem Ipsum is simply dummy text of the printing and typesetting industry. Lorem Ipsum has been the industry's standard dummy text ever since the 1500s,", "price": 699, "images": "photos/products/Wrangler-Shirt.jpg", "stock": 2000, "is_available": true, "category": 1, "created_date": "2026-04-23T11:38:15.804Z", "modified_date": "2026-06-24T08:57:43.069Z"}}, {"model": "store.variation", "pk": 1, "fields": {"product": 1, "variation_category": "color", "variation_value": "white", "is_active": true, "created_date": "2026-05-11T03:31:24.224Z"}}, {"model": "store.variation", "pk": 2, "fields": {"product": 1, "variation_category": "color", "variation_value": "Blue", "is_active": true, "created_date": "2026-05-11T03:31:37.239Z"}}, {"model": "store.variation", "pk": 3, "fields": {"product": 1, "variation_category": "color", "variation_value": "Black", "is_active": true, "created_date": "2026-05-11T03:31:45.903Z"}}, {"model": "store.variation", "pk": 4, "fields": {"product": 1, "variation_category": "size", "variation_value": "medium", "is_active": true, "created_date": "2026-05-11T03:31:54.912Z"}}, {"model": "store.variation", "pk": 5, "fields": {"product": 1, "variation_category": "size", "variation_value": "small", "is_active": true, "created_date": "2026-05-11T03:32:04.200Z"}}, {"model": "store.variation", "pk": 6, "fields": {"product": 1, "variation_category": "size", "variation_value": "Large", "is_active": true, "created_date": "2026-05-11T03:32:11.765Z"}}, {"model": "store.variation", "pk": 7, "fields": {"product": 2, "variation_category": "color", "variation_value": "Blue", "is_active": true, "created_date": "2026-06-24T04:10:06.822Z"}}, {"model": "store.variation", "pk": 8, "fields": {"product": 2, "variation_category": "size", "variation_value": "medium", "is_active": true, "created_date": "2026-06-24T04:10:15.604Z"}}, {"model": "store.variation", "pk": 9, "fields": {"product": 2, "variation_category": "size", "variation_value": "small", "is_active": true, "created_date": "2026-06-24T04:10:23.420Z"}}, {"model": "store.variation", "pk": 10, "fields": {"product": 2, "variation_category": "size", "variation_value": "Large", "is_active": true, "created_date": "2026-06-24T04:10:31.719Z"}}, {"model": "store.variation", "pk": 11, "fields": {"product": 3, "variation_category": "color", "variation_value": "Blue", "is_active": true, "created_date": "2026-06-24T04:10:56.211Z"}}, {"model": "store.variation", "pk": 14, "fields": {"product": 3, "variation_category": "size", "variation_value": "medium", "is_active": true, "created_date": "2026-06-24T04:11:28.522Z"}}, {"model": "store.variation", "pk": 15, "fields": {"product": 3, "variation_category": "size", "variation_value": "small", "is_active": true, "created_date": "2026-06-24T04:11:37.668Z"}}, {"model": "store.variation", "pk": 16, "fields": {"product": 3, "variation_category": "size", "variation_value": "Large", "is_active": true, "created_date": "2026-06-24T04:11:45.200Z"}}, {"model": "store.variation", "pk": 17, "fields": {"product": 4, "variation_category": "color", "variation_value": "Blue", "is_active": true, "created_date": "2026-06-24T04:12:23.062Z"}}, {"model": "store.variation", "pk": 18, "fields": {"product": 4, "variation_category": "color", "variation_value": "white", "is_active": true, "created_date": "2026-06-24T04:12:30.030Z"}}, {"model": "store.variation", "pk": 19, "fields": {"product": 4, "variation_category": "color", "variation_value": "Black", "is_active": true, "created_date": "2026-06-24T04:12:36.622Z"}}, {"model": "store.variation", "pk": 20, "fields": {"product": 4, "variation_category": "size", "variation_value": "Large", "is_active": true, "created_date": "2026-06-24T04:12:47.780Z"}}, {"model": "store.variation", "pk": 21, "fields": {"product": 4, "variation_category": "size", "variation_value": "medium", "is_active": true, "created_date": "2026-06-24T04:12:56.512Z"}}, {"model": "store.variation", "pk": 22, "fields": {"product": 4, "variation_category": "size", "variation_value": "small", "is_active": true, "created_date": "2026-06-24T04:13:03.635Z"}}, {"model": "store.variation", "pk": 23, "fields": {"product": 5, "variation_category": "color", "variation_value": "Blue", "is_active": true, "created_date": "2026-06-24T04:13:30.433Z"}}, {"model": "store.variation", "pk": 24, "fields": {"product": 5, "variation_category": "color", "variation_value": "white", "is_active": true, "created_date": "2026-06-24T04:13:38.246Z"}}, {"model": "store.variation", "pk": 25, "fields": {"product": 5, "variation_category": "color", "variation_value": "Black", "is_active": true, "created_date": "2026-06-24T04:13:45.962Z"}}, {"model": "store.variation", "pk": 26, "fields": {"product": 5, "variation_category": "size", "variation_value": "medium", "is_active": true, "created_date": "2026-06-24T04:13:56.930Z"}}, {"model": "store.variation", "pk": 27, "fields": {"product": 5, "variation_category": "size", "variation_value": "small", "is_active": true, "created_date": "2026-06-24T04:14:15.808Z"}}, {"model": "store.variation", "pk": 28, "fields": {"product": 5, "variation_category": "size", "variation_value": "Large", "is_active": true, "created_date": "2026-06-24T04:14:24.231Z"}}, {"model": "store.variation", "pk": 29, "fields": {"product": 6, "variation_category": "color", "variation_value": "Blue", "is_active": true, "created_date": "2026-06-24T04:14:45.980Z"}}, {"model": "store.variation", "pk": 30, "fields": {"product": 6, "variation_category": "color", "variation_value": "white", "is_active": true, "created_date": "2026-06-24T04:14:53.133Z"}}, {"model": "store.variation", "pk": 31, "fields": {"product": 6, "variation_category": "color", "variation_value": "Black", "is_active": true, "created_date": "2026-06-24T04:15:01.325Z"}}, {"model": "store.variation", "pk": 32, "fields": {"product": 6, "variation_category": "size", "variation_value": "medium", "is_active": true, "created_date": "2026-06-24T04:15:10.960Z"}}, {"model": "store.variation", "pk": 33, "fields": {"product": 6, "variation_category": "size", "variation_value": "small", "is_active": true, "created_date": "2026-06-24T04:15:31.064Z"}}, {"model": "store.variation", "pk": 34, "fields": {"product": 6, "variation_category": "size", "variation_value": "Large", "is_active": true, "created_date": "2026-06-24T04:15:37.981Z"}}, {"model": "store.variation", "pk": 35, "fields": {"product": 7, "variation_category": "color", "variation_value": "Blue", "is_active": true, "created_date": "2026-06-24T04:16:02.899Z"}}, {"model": "store.variation", "pk": 36, "fields": {"product": 7, "variation_category": "color", "variation_value": "Brown", "is_active": true, "created_date": "2026-06-24T04:16:54.938Z"}}, {"model": "store.variation", "pk": 37, "fields": {"product": 7, "variation_category": "color", "variation_value": "Black", "is_active": true, "created_date": "2026-06-24T04:17:06.621Z"}}, {"model": "store.variation", "pk": 38, "fields": {"product": 7, "variation_category": "size", "variation_value": "small", "is_active": true, "created_date": "2026-06-24T04:17:17.434Z"}}, {"model": "store.variation", "pk": 39, "fields": {"product": 7, "variation_category": "size", "variation_value": "Large", "is_active": true, "created_date": "2026-06-24T04:17:25.620Z"}}, {"model": "store.variation", "pk": 40, "fields": {"product": 8, "variation_category": "color", "variation_value": "Blue", "is_active": true, "created_date": "2026-06-24T04:17:54.965Z"}}, {"model": "store.variation", "pk": 41, "fields": {"product": 8, "variation_category": "size", "variation_value": "small", "is_active": true, "created_date": "2026-06-24T04:18:08.528Z"}}, {"model": "store.variation", "pk": 42, "fields": {"product": 8, "variation_category": "size", "variation_value": "medium", "is_active": true, "created_date": "2026-06-24T04:18:19.434Z"}}, {"model": "store.variation", "pk": 43, "fields": {"product": 8, "variation_category": "size", "variation_value": "Large", "is_active": true, "created_date": "2026-06-24T04:18:27.655Z"}}, {"model": "store.variation", "pk": 44, "fields": {"product": 8, "variation_category": "color", "variation_value": "white", "is_active": true, "created_date": "2026-06-24T08:58:15.332Z"}}, {"model": "store.reviewrating", "pk": 2, "fields": {"product": 1, "user": 1, "subject": "TEST 1", "review": "knji", "rating": 2.5, "ip": "127.0.0.1", "status": true, "created_at": "2026-06-11T08:55:39.184Z", "updated_at": "2026-06-23T10:08:28.436Z"}}, {"model": "store.reviewrating", "pk": 3, "fields": {"product": 1, "user": 14, "subject": "tttttttttt", "review": "ttttttttttttttt", "rating": 1.0, "ip": "127.0.0.1", "status": true, "created_at": "2026-06-11T09:13:06.237Z", "updated_at": "2026-06-13T00:14:17.293Z"}}, {"model": "store.productgallery", "pk": 1, "fields": {"product": 1, "image": "store/products/DL5w1yShgp-410345665_Z179_1.avif"}}, {"model": "store.productgallery", "pk": 2, "fields": {"product": 1, "image": "store/products/ssrcopullover_hoodiemens_01fafafa_ca443f4786backtall_portraitx1000.u2.jpg"}}, {"model": "store.productgallery", "pk": 9, "fields": {"product": 6, "image": "store/products/pf1.jpg"}}, {"model": "store.productgallery", "pk": 10, "fields": {"product": 6, "image": "store/products/pf2.jpg"}}, {"model": "store.productgallery", "pk": 12, "fields": {"product": 2, "image": "store/products/bs3.webp"}}, {"model": "store.productgallery", "pk": 13, "fields": {"product": 4, "image": "store/products/js3.avif"}}, {"model": "store.productgallery", "pk": 14, "fields": {"product": 5, "image": "store/products/mj7.jpg"}}, {"model": "store.productgallery", "pk": 15, "fields": {"product": 7, "image": "store/products/2.webp"}}, {"model": "store.productgallery", "pk": 16, "fields": {"product": 3, "image": "store/products/GREAT_THINGS_AWAIT_MOCKUPS_1.webp"}}, {"model": "store.productgallery", "pk": 17, "fields": {"product": 8, "image": "store/products/112378981-HERO.webp"}}, {"model": "carts.cart", "pk": 13, "fields": {"cart_id": "ap9h3z7vugcuwxepb5ibsmpbcqef63fc", "date_added": "2026-06-04T03:41:03.338Z"}}, {"model": "carts.cart", "pk": 14, "fields": {"cart_id": "78mwexl404c8ypn1ixvj9wkyhfbxngip", "date_added": "2026-06-04T03:48:00.953Z"}}, {"model": "carts.cart", "pk": 15, "fields": {"cart_id": "0b414orcg8p1s5z58g6cn98r1x8sgopp", "date_added": "2026-06-04T04:14:28.334Z"}}, {"model": "carts.cart", "pk": 16, "fields": {"cart_id": "8527kqivpft37degtt211nuuniouan0f", "date_added": "2026-06-04T04:15:04.976Z"}}, {"model": "carts.cart", "pk": 17, "fields": {"cart_id": "bg2ja1k6qwh2fpl14gpv58ne3vl119ai", "date_added": "2026-06-04T05:40:49.591Z"}}, {"model": "carts.cart", "pk": 18, "fields": {"cart_id": "18e35clf35n6b31wxmj0beu6flxh0e93", "date_added": "2026-06-24T08:39:58.733Z"}}, {"model": "carts.cartitem", "pk": 51, "fields": {"user": null, "cart": 15, "product": 1, "quantity": 1, "is_active": true, "variations": [2, 5]}}, {"model": "carts.cartitem", "pk": 52, "fields": {"user": null, "cart": 16, "product": 1, "quantity": 1, "is_active": true, "variations": [2, 5]}}, {"model": "carts.cartitem", "pk": 82, "fields": {"user": 1, "cart": null, "product": 2, "quantity": 1, "is_active": true, "variations": [7, 8]}}, {"model": "orders.payment", "pk": 8, "fields": {"user": 1, "payment_id": "4J8823146T684435S", "payment_method": "PayPal", "amount_paid": "405.96", "status": "COMPLETED", "created_at": "2026-06-08T21:07:58.261Z"}}, {"model": "orders.payment", "pk": 9, "fields": {"user": 1, "payment_id": "1ES73994ML883801S", "payment_method": "PayPal", "amount_paid": "202.98", "status": "COMPLETED", "created_at": "2026-06-08T21:14:57.685Z"}}, {"model": "orders.payment", "pk": 10, "fields": {"user": 1, "payment_id": "84D363678Y8032640", "payment_method": "PayPal", "amount_paid": "202.98", "status": "COMPLETED", "created_at": "2026-06-08T21:17:32.755Z"}}, {"model": "orders.payment", "pk": 11, "fields": {"user": 1, "payment_id": "03T748635L0122128", "payment_method": "PayPal", "amount_paid": "202.98", "status": "COMPLETED", "created_at": "2026-06-08T23:15:16.013Z"}}, {"model": "orders.payment", "pk": 12, "fields": {"user": 1, "payment_id": "68889347377374029", "payment_method": "PayPal", "amount_paid": "202.98", "status": "COMPLETED", "created_at": "2026-06-08T23:18:04.118Z"}}, {"model": "orders.payment", "pk": 13, "fields": {"user": 1, "payment_id": "6W9701895C9609253", "payment_method": "PayPal", "amount_paid": "202.98", "status": "COMPLETED", "created_at": "2026-06-08T23:26:50.674Z"}}, {"model": "orders.payment", "pk": 14, "fields": {"user": 1, "payment_id": "3TY13403GU387980G", "payment_method": "PayPal", "amount_paid": "202.98", "status": "COMPLETED", "created_at": "2026-06-08T23:35:12.356Z"}}, {"model": "orders.payment", "pk": 15, "fields": {"user": 1, "payment_id": "4YX27141E9523750M", "payment_method": "PayPal", "amount_paid": "202.98", "status": "COMPLETED", "created_at": "2026-06-08T23:37:13.068Z"}}, {"model": "orders.payment", "pk": 16, "fields": {"user": 1, "payment_id": "9NC11732DS064005M", "payment_method": "PayPal", "amount_paid": "202.98", "status": "COMPLETED", "created_at": "2026-06-08T23:41:11.259Z"}}, {"model": "orders.payment", "pk": 17, "fields": {"user": 1, "payment_id": "8YC56712SS0605344", "payment_method": "PayPal", "amount_paid": "202.98", "status": "COMPLETED", "created_at": "2026-06-08T23:44:05.517Z"}}, {"model": "orders.payment", "pk": 18, "fields": {"user": 1, "payment_id": "2MN517911N6156111", "payment_method": "PayPal", "amount_paid": "202.98", "status": "COMPLETED", "created_at": "2026-06-08T23:45:50.419Z"}}, {"model": "orders.payment", "pk": 19, "fields": {"user": 1, "payment_id": "5LX33524LS319645L", "payment_method": "PayPal", "amount_paid": "202.98", "status": "COMPLETED", "created_at": "2026-06-09T00:00:25.983Z"}}, {"model": "orders.payment", "pk": 20, "fields": {"user": 1, "payment_id": "4R274424SU457471J", "payment_method": "PayPal", "amount_paid": "202.98", "status": "COMPLETED", "created_at": "2026-06-09T00:07:04.928Z"}}, {"model": "orders.payment", "pk": 21, "fields": {"user": 1, "payment_id": "5YR24258X11235533", "payment_method": "PayPal", "amount_paid": "202.98", "status": "COMPLETED", "created_at": "2026-06-09T00:22:29.775Z"}}, {"model": "orders.payment", "pk": 22, "fields": {"user": 1, "payment_id": "817772502K150711K", "payment_method": "PayPal", "amount_paid": "202.98", "status": "COMPLETED", "created_at": "2026-06-09T00:23:59.248Z"}}, {"model": "orders.payment", "pk": 23, "fields": {"user": 1, "payment_id": "13506027J5956571P", "payment_method": "PayPal", "amount_paid": "202.98", "status": "COMPLETED", "created_at": "2026-06-09T00:28:16.021Z"}}, {"model": "orders.payment", "pk": 24, "fields": {"user": 1, "payment_id": "9KP770451W969534A", "payment_method": "PayPal", "amount_paid": "202.98", "status": "COMPLETED", "created_at": "2026-06-09T00:30:36.765Z"}}, {"model": "orders.payment", "pk": 25, "fields": {"user": 1, "payment_id": "5283283756480471A", "payment_method": "PayPal", "amount_paid": "202.98", "status": "COMPLETED", "created_at": "2026-06-09T00:35:49.536Z"}}, {"model": "orders.payment", "pk": 26, "fields": {"user": 1, "payment_id": "62296479DC919853A", "payment_method": "PayPal", "amount_paid": "202.98", "status": "COMPLETED", "created_at": "2026-06-09T00:53:49.503Z"}}, {"model": "orders.payment", "pk": 27, "fields": {"user": 1, "payment_id": "3CB7082378776070F", "payment_method": "PayPal", "amount_paid": "202.98", "status": "COMPLETED", "created_at": "2026-06-09T00:59:04.517Z"}}, {"model": "orders.payment", "pk": 28, "fields": {"user": 14, "payment_id": "4F987181A10380246", "payment_method": "PayPal", "amount_paid": "202.98", "status": "COMPLETED", "created_at": "2026-06-11T09:12:31.083Z"}}, {"model": "orders.payment", "pk": 29, "fields": {"user": 1, "payment_id": "85E80184U5970140L", "payment_method": "PayPal", "amount_paid": "202.98", "status": "COMPLETED", "created_at": "2026-06-18T19:23:50.759Z"}}, {"model": "orders.payment", "pk": 30, "fields": {"user": 1, "payment_id": "9RR35956CE344960J", "payment_method": "PayPal", "amount_paid": "303.96", "status": "COMPLETED", "created_at": "2026-06-24T08:01:40.987Z"}}, {"model": "orders.payment", "pk": 31, "fields": {"user": 1, "payment_id": "86X4305000726763F", "payment_method": "PayPal", "amount_paid": "100.98", "status": "COMPLETED", "created_at": "2026-06-24T08:16:18.709Z"}}, {"model": "orders.payment", "pk": 32, "fields": {"user": 18, "payment_id": "66T13384PM0853407", "payment_method": "PayPal", "amount_paid": "100.98", "status": "COMPLETED", "created_at": "2026-06-24T10:33:55.023Z"}}, {"model": "orders.order", "pk": 115, "fields": {"user": 1, "payment": 26, "order_number": "20260609115", "first_name": "Vignesh", "last_name": "Dileep", "phone": "07554469037", "email": "vigneshdileep123@gmail.com", "address_line_1": "17 B Woodside st L73HT", "address_line_2": "", "country": "United Kingdom", "state": "Merseyside", "city": "Liverpool", "order_note": "", "order_total": 202.98, "tax": 3.98, "status": "New", "ip": "127.0.0.1", "is_ordered": true, "created_at": "2026-06-09T00:53:34.122Z", "updated_at": "2026-06-09T00:53:49.510Z"}}, {"model": "orders.order", "pk": 116, "fields": {"user": 1, "payment": 27, "order_number": "20260609116", "first_name": "Vignesh", "last_name": "Dileep", "phone": "07554469037", "email": "vigneshdileep123@gmail.com", "address_line_1": "17 B Woodside st L73HT", "address_line_2": "", "country": "United Kingdom", "state": "Merseyside", "city": "Liverpool", "order_note": "", "order_total": 202.98, "tax": 3.98, "status": "New", "ip": "127.0.0.1", "is_ordered": true, "created_at": "2026-06-09T00:58:47.450Z", "updated_at": "2026-06-09T00:59:04.524Z"}}, {"model": "orders.order", "pk": 118, "fields": {"user": 14, "payment": 28, "order_number": "20260611118", "first_name": "Vignesh", "last_name": "Dileep", "phone": "07554469037", "email": "vigneshdileep123@gmail.com", "address_line_1": "17 B Woodside st L73HT", "address_line_2": "", "country": "United Kingdom", "state": "Merseyside", "city": "Liverpool", "order_note": "", "order_total": 202.98, "tax": 3.98, "status": "New", "ip": "127.0.0.1", "is_ordered": true, "created_at": "2026-06-11T09:12:08.931Z", "updated_at": "2026-06-11T09:12:31.092Z"}}, {"model": "orders.order", "pk": 119, "fields": {"user": 1, "payment": 29, "order_number": "20260619119", "first_name": "Vignesh", "last_name": "Dileep", "phone": "07554469037", "email": "vigneshdileep123@gmail.com", "address_line_1": "17 B Woodside st L73HT", "address_line_2": "", "country": "United Kingdom", "state": "Merseyside", "city": "Liverpool", "order_note": "", "order_total": 202.98, "tax": 3.98, "status": "New", "ip": "127.0.0.1", "is_ordered": true, "created_at": "2026-06-18T19:23:14.404Z", "updated_at": "2026-06-18T19:23:50.767Z"}}, {"model": "orders.order", "pk": 120, "fields": {"user": 1, "payment": 30, "order_number": "20260624120", "first_name": "Vignesh", "last_name": "Dileep", "phone": "07554469037", "email": "vigneshdileep123@gmail.com", "address_line_1": "17 B Woodside st L73HT", "address_line_2": "", "country": "United Kingdom", "state": "Merseyside", "city": "Liverpool", "order_note": "", "order_total": 303.96, "tax": 5.96, "status": "New", "ip": "127.0.0.1", "is_ordered": true, "created_at": "2026-06-24T07:56:17.606Z", "updated_at": "2026-06-24T08:01:40.992Z"}}, {"model": "orders.order", "pk": 121, "fields": {"user": 1, "payment": null, "order_number": "20260624121", "first_name": "Vignesh", "last_name": "Dileep", "phone": "07554469037", "email": "vigneshdileep123@gmail.com", "address_line_1": "17 B Woodside st L73HT", "address_line_2": "", "country": "United Kingdom", "state": "Merseyside", "city": "Liverpool", "order_note": "", "order_total": 100.98, "tax": 1.98, "status": "New", "ip": "127.0.0.1", "is_ordered": false, "created_at": "2026-06-24T08:15:05.720Z", "updated_at": "2026-06-24T08:15:05.727Z"}}, {"model": "orders.order", "pk": 122, "fields": {"user": 1, "payment": 31, "order_number": "20260624122", "first_name": "Vignesh", "last_name": "Dileep", "phone": "07554469037", "email": "vigneshdileep123@gmail.com", "address_line_1": "17 B Woodside st L73HT", "address_line_2": "", "country": "United Kingdom", "state": "Merseyside", "city": "Liverpool", "order_note": "", "order_total": 100.98, "tax": 1.98, "status": "New", "ip": "127.0.0.1", "is_ordered": true, "created_at": "2026-06-24T08:16:03.958Z", "updated_at": "2026-06-24T08:16:18.719Z"}}, {"model": "orders.order", "pk": 123, "fields": {"user": 1, "payment": null, "order_number": "20260624123", "first_name": "Vignesh", "last_name": "Dileep", "phone": "07554469037", "email": "vigneshdileep123@gmail.com", "address_line_1": "17 B Woodside st L73HT", "address_line_2": "", "country": "United Kingdom", "state": "Merseyside", "city": "Liverpool", "order_note": "", "order_total": 100.98, "tax": 1.98, "status": "New", "ip": "127.0.0.1", "is_ordered": false, "created_at": "2026-06-24T08:17:00.386Z", "updated_at": "2026-06-24T08:17:00.394Z"}}, {"model": "orders.order", "pk": 124, "fields": {"user": 18, "payment": null, "order_number": "20260624124", "first_name": "Vignesh", "last_name": "Dileep", "phone": "07554469037", "email": "vigneshdileep123@gmail.com", "address_line_1": "17 B Woodside st L73HT", "address_line_2": "", "country": "United Kingdom", "state": "Merseyside", "city": "Liverpool", "order_note": "", "order_total": 100.98, "tax": 1.98, "status": "New", "ip": "127.0.0.1", "is_ordered": false, "created_at": "2026-06-24T10:24:51.625Z", "updated_at": "2026-06-24T10:24:51.632Z"}}, {"model": "orders.order", "pk": 125, "fields": {"user": 18, "payment": 32, "order_number": "20260624125", "first_name": "Vignesh", "last_name": "Dileep", "phone": "07554469037", "email": "vigneshdileep123@gmail.com", "address_line_1": "17 B Woodside st L73HT", "address_line_2": "", "country": "United Kingdom", "state": "Merseyside", "city": "Liverpool", "order_note": "", "order_total": 100.98, "tax": 1.98, "status": "New", "ip": "127.0.0.1", "is_ordered": true, "created_at": "2026-06-24T10:29:50.293Z", "updated_at": "2026-06-24T10:33:55.026Z"}}, {"model": "orders.orderproduct", "pk": 17, "fields": {"order": 115, "payment": 26, "user": 1, "product": 1, "quantity": 1, "product_price": 199.0, "ordered": true, "created_at": "2026-06-09T00:53:49.519Z", "updated_at": "2026-06-09T00:53:49.531Z", "variations": [1, 4]}}, {"model": "orders.orderproduct", "pk": 18, "fields": {"order": 116, "payment": 27, "user": 1, "product": 1, "quantity": 1, "product_price": 199.0, "ordered": true, "created_at": "2026-06-09T00:59:04.534Z", "updated_at": "2026-06-09T00:59:04.545Z", "variations": [2, 4]}}, {"model": "orders.orderproduct", "pk": 19, "fields": {"order": 118, "payment": 28, "user": 14, "product": 1, "quantity": 1, "product_price": 199.0, "ordered": true, "created_at": "2026-06-11T09:12:31.097Z", "updated_at": "2026-06-11T09:12:31.118Z", "variations": [2, 4]}}, {"model": "orders.orderproduct", "pk": 20, "fields": {"order": 119, "payment": 29, "user": 1, "product": 1, "quantity": 1, "product_price": 199.0, "ordered": true, "created_at": "2026-06-18T19:23:50.778Z", "updated_at": "2026-06-18T19:23:50.791Z", "variations": [3, 6]}}, {"model": "orders.orderproduct", "pk": 21, "fields": {"order": 120, "payment": 30, "user": 1, "product": 1, "quantity": 1, "product_price": 199.0, "ordered": true, "created_at": "2026-06-24T08:01:40.999Z", "updated_at": "2026-06-24T08:01:41.020Z", "variations": [3, 5]}}, {"model": "orders.orderproduct", "pk": 22, "fields": {"order": 120, "payment": 30, "user": 1, "product": 2, "quantity": 1, "product_price": 99.0, "ordered": true, "created_at": "2026-06-24T08:01:41.034Z", "updated_at": "2026-06-24T08:01:41.049Z", "variations": [7, 8]}}, {"model": "orders.orderproduct", "pk": 23, "fields": {"order": 122, "payment": 31, "user": 1, "product": 2, "quantity": 1, "product_price": 99.0, "ordered": true, "created_at": "2026-06-24T08:16:18.727Z", "updated_at": "2026-06-24T08:16:18.744Z", "variations": [7, 9]}}, {"model": "orders.orderproduct", "pk": 24, "fields": {"order": 125, "payment": 32, "user": 18, "product": 2, "quantity": 1, "product_price": 99.0, "ordered": true, "created_at": "2026-06-24T10:33:55.040Z", "updated_at": "2026-06-24T10:33:55.053Z", "variations": [7, 10]}}]